country,year,rate
Afghanistan,1997,128/19021226
Afghanistan,1998,1778/19496836
Afghanistan,1999,745/19987071
Afghanistan,2000,2666/20595360
Afghanistan,2001,4639/21347782
Afghanistan,2002,6509/22202806
Afghanistan,2003,6528/23116142
Afghanistan,2004,8245/24018682
Afghanistan,2005,9949/24860855
Afghanistan,2006,12469/25631282
Afghanistan,2007,13213/26349243
Afghanistan,2008,13136/27032197
Afghanistan,2009,12503/27708187
Afghanistan,2010,12947/28397812
Afghanistan,2011,15542/29105480
Afghanistan,2012,15774/29824536
Afghanistan,2013,3454/30551674
Albania,1995,139/3357858
Albania,1997,241/3331317
Albania,1998,212/3325456
Albania,1999,168/3317941
Albania,2000,171/3304948
Albania,2001,171/3286084
Albania,2002,225/3263596
Albania,2003,211/3239385
Albania,2004,201/3216197
Albania,2005,196/3196130
Albania,2006,467/3179573
Albania,2007,422/3166222
Albania,2008,402/3156608
Albania,2009,416/3151185
Albania,2010,415/3150143
Albania,2011,413/3153883
Albania,2012,391/3162083
Albania,2013,474/3173271
Algeria,1997,8902/30345466
Algeria,1999,7088/31276295
Algeria,2000,8050/31719449
Algeria,2001,7953/32150198
Algeria,2002,8246/32572977
Algeria,2003,7641/33003442
Algeria,2004,7979/33461345
Algeria,2005,8654/33960903
Algeria,2006,7396/34507214
Algeria,2007,8439/35097043
Algeria,2008,8646/35725377
Algeria,2009,8402/36383302
Algeria,2010,8299/37062820
Algeria,2011,7790/37762962
Algeria,2012,7510/38481705
Algeria,2013,7124/39208194
American Samoa,1997,6/54942
American Samoa,2000,3/57522
American Samoa,2001,2/58176
American Samoa,2002,1/58729
American Samoa,2003,2/59117
American Samoa,2004,3/59262
American Samoa,2005,3/59117
American Samoa,2006,4/58652
American Samoa,2007,3/57919
American Samoa,2008,3/57053
American Samoa,2009,4/56245
American Samoa,2010,4/55636
American Samoa,2011,3/55274
Andorra,1996,8/64274
Andorra,1997,19/64090
Andorra,1998,1/63799
Andorra,1999,3/64084
Andorra,2000,1/65399
Andorra,2001,3/68000
Andorra,2002,2/71639
Andorra,2003,6/75643
Andorra,2004,3/79060
Andorra,2005,5/81223
Andorra,2006,12/81877
Andorra,2007,6/81292
Andorra,2008,4/79969
Andorra,2009,7/78659
Andorra,2010,7/77907
Andorra,2011,3/77865
Andorra,2012,8/78360
Andorra,2013,5/79218
Angola,1995,4592/12104952
Angola,1996,8016/12451945
Angola,1997,8201/12791388
Angola,1998,7322/13137542
Angola,1999,9242/13510616
Angola,2000,8149/13924930
Angola,2001,6805/14385283
Angola,2002,17988/14886574
Angola,2003,18971/15421075
Angola,2004,20333/15976715
Angola,2005,20410/16544376
Angola,2006,21499/17122409
Angola,2007,21422/17712824
Angola,2008,22562/18314441
Angola,2009,22488/18926650
Angola,2010,21146/19549124
Angola,2011,26434/20180490
Angola,2012,21124/20820525
Angola,2013,21661/21471618
Anguilla,2003,1/12023
Anguilla,2004,0/12342
Anguilla,2010,1/13768
Anguilla,2011,0/13956
Anguilla,2012,0/14132
Anguilla,2013,0/14300
Antigua and Barbuda,1996,2/70245
Antigua and Barbuda,2000,4/77648
Antigua and Barbuda,2001,1/78972
Antigua and Barbuda,2002,4/80030
Antigua and Barbuda,2003,1/80904
Antigua and Barbuda,2005,6/82565
Antigua and Barbuda,2006,4/83467
Antigua and Barbuda,2007,2/84397
Antigua and Barbuda,2008,1/85349
Antigua and Barbuda,2009,3/86300
Antigua and Barbuda,2010,6/87233
Antigua and Barbuda,2011,8/88152
Antigua and Barbuda,2012,3/89069
Antigua and Barbuda,2013,10/89985
Argentina,1996,5787/35264070
Argentina,1997,5317/35690778
Argentina,1998,5062/36109342
Argentina,1999,4769/36514558
Argentina,2000,4519/36903067
Argentina,2001,5506/37273361
Argentina,2002,5383/37627545
Argentina,2003,4959/37970411
Argentina,2004,4666/38308779
Argentina,2005,4636/38647854
Argentina,2006,7908/38988923
Argentina,2007,9376/39331357
Argentina,2008,8959/39676083
Argentina,2009,7121/40023641
Argentina,2010,6827/40374224
Argentina,2011,9219/40728738
Argentina,2012,8250/41086927
Argentina,2013,8892/41446246
Armenia,1995,78/3223173
Armenia,1996,327/3173425
Armenia,1997,400/3137652
Armenia,1998,475/3112958
Armenia,1999,576/3093820
Armenia,2000,621/3076098
Armenia,2001,572/3059960
Armenia,2002,511/3047002
Armenia,2003,575/3036032
Armenia,2004,461/3025652
Armenia,2005,581/3014917
Armenia,2006,1598/3002911
Armenia,2007,1196/2989882
Armenia,2008,1507/2977488
Armenia,2009,1464/2968154
Armenia,2010,1329/2963496
Armenia,2011,1200/2964120
Armenia,2012,1123/2969081
Armenia,2013,1397/2976566
Aruba,2011,8/101932
Aruba,2012,50/102384
Aruba,2013,11/102911
Australia,1997,170/18563442
Australia,1998,204/18794552
Australia,1999,323/19027438
Australia,2000,251/19259377
Australia,2001,228/19487257
Australia,2002,212/19714625
Australia,2003,113/19953121
Australia,2004,166/20218481
Australia,2005,222/20520736
Australia,2006,1164/20865583
Australia,2007,1081/21246274
Australia,2008,1158/21645095
Australia,2009,1168/22037143
Australia,2010,1139/22404488
Australia,2011,1200/22740536
Australia,2012,1195/23050471
Australia,2013,1250/23342553
Austria,1995,661/7985372
Austria,1997,1350/8014124
Austria,1999,323/8007843
Austria,2000,298/8020262
Austria,2001,248/8049440
Austria,2002,204/8091804
Austria,2003,249/8142322
Austria,2004,207/8193157
Austria,2005,223/8238604
Austria,2006,855/8277393
Austria,2007,810/8311463
Austria,2009,433/8371711
Austria,2010,360/8401924
Austria,2011,396/8432890
Austria,2012,410/8463948
Austria,2013,624/8495145
Azerbaijan,1995,90/7770806
Azerbaijan,1996,1058/7852273
Azerbaijan,1997,975/7921745
Azerbaijan,1998,161/7984460
Azerbaijan,1999,763/8047936
Azerbaijan,2000,153/8117742
Azerbaijan,2001,10/8195427
Azerbaijan,2002,1661/8279768
Azerbaijan,2003,1161/8370169
Azerbaijan,2004,1472/8465127
Azerbaijan,2005,1561/8563398
Azerbaijan,2006,4429/8665006
Azerbaijan,2009,1410/8986266
Azerbaijan,2010,4792/9094718
Azerbaijan,2011,1130/9202432
Azerbaijan,2012,4616/9308959
Azerbaijan,2013,4528/9413420
Bahamas,1995,37/280050
Bahamas,1996,26/283678
Bahamas,1997,57/286845
Bahamas,1998,31/289926
Bahamas,1999,35/293442
Bahamas,2000,56/297759
Bahamas,2002,44/309039
Bahamas,2003,38/315624
Bahamas,2004,47/322400
Bahamas,2007,45/342049
Bahamas,2008,46/348340
Bahamas,2009,41/354492
Bahamas,2010,29/360498
Bahamas,2011,40/366331
Bahamas,2012,32/371960
Bahamas,2013,33/377374
Bahrain,1995,16/563730
Bahrain,1996,121/579697
Bahrain,1997,110/597400
Bahrain,1998,170/617537
Bahrain,1999,93/640913
Bahrain,2000,23/668239
Bahrain,2001,23/698749
Bahrain,2002,17/732541
Bahrain,2003,16/772058
Bahrain,2004,11/820505
Bahrain,2005,15/879534
Bahrain,2006,272/950951
Bahrain,2007,278/1032353
Bahrain,2008,306/1116038
Bahrain,2009,326/1191539
Bahrain,2010,246/1251513
Bahrain,2011,225/1292764
Bahrain,2012,225/1317827
Bahrain,2013,209/1332171
Bangladesh,1995,6023/119869585
Bangladesh,1996,7551/122400896
Bangladesh,1997,30294/124945315
Bangladesh,1998,37623/127478524
Bangladesh,1999,37674/129966823
Bangladesh,2000,37983/132383265
Bangladesh,2001,40487/134729503
Bangladesh,2002,46771/137006279
Bangladesh,2003,53618/139185986
Bangladesh,2004,62500/141235035
Bangladesh,2005,84848/143135180
Bangladesh,2006,140948/144868702
Bangladesh,2007,104296/146457067
Bangladesh,2008,187471/147969967
Bangladesh,2009,3466/149503100
Bangladesh,2010,150856/151125475
Bangladesh,2011,148198/152862431
Bangladesh,2012,161790/154695368
Bangladesh,2013,181637/156594962
Barbados,1996,3/263884
Barbados,2000,3/267190
Barbados,2001,6/268296
Barbados,2002,5/269524
Barbados,2004,20/272205
Barbados,2006,5/274923
Barbados,2007,16/276277
Barbados,2008,3/277634
Barbados,2009,2/279006
Barbados,2010,6/280396
Barbados,2011,0/281804
Barbados,2012,0/283221
Barbados,2013,4/284644
Belarus,2001,6/9920173
Belarus,2002,838/9852866
Belarus,2003,1018/9784111
Belarus,2004,1109/9719991
Belarus,2005,1235/9664714
Belarus,2006,5142/9620359
Belarus,2007,4872/9585368
Belarus,2008,4634/9555801
Belarus,2009,1631/9525785
Belarus,2010,4345/9491070
Belarus,2011,4043/9450391
Belarus,2012,3842/9405097
Belarus,2013,4470/9356678
Belgium,1995,478/10161914
Belgium,1996,364/10186767
Belgium,1997,434/10205970
Belgium,1998,418/10222896
Belgium,1999,403/10242449
Belgium,2000,361/10268380
Belgium,2001,352/10300775
Belgium,2002,341/10338969
Belgium,2003,265/10384953
Belgium,2004,306/10440977
Belgium,2005,312/10508080
Belgium,2006,1043/10587731
Belgium,2007,955/10678058
Belgium,2008,811/10772572
Belgium,2009,787/10862441
Belgium,2010,790/10941288
Belgium,2011,689/11006632
Belgium,2012,651/11060095
Belgium,2013,906/11104476
Belize,1995,22/206962
Belize,1996,20/212375
Belize,1997,48/218484
Belize,2000,44/238586
Belize,2001,53/245198
Belize,2002,71/251766
Belize,2003,62/258346
Belize,2004,34/265040
Belize,2005,59/271920
Belize,2006,78/278985
Belize,2007,63/286196
Belize,2008,88/293544
Belize,2009,82/301016
Belize,2010,190/308595
Belize,2011,64/316280
Belize,2012,89/324060
Belize,2013,121/331900
Benin,1995,1839/5985658
Benin,1996,1868/6176318
Benin,1997,1936/6361301
Benin,1998,1988/6546493
Benin,1999,2202/6740491
Benin,2000,2286/6949366
Benin,2001,2293/7174911
Benin,2002,2411/7414744
Benin,2003,2434/7665681
Benin,2004,2582/7922796
Benin,2005,2739/8182362
Benin,2006,2943/8443671
Benin,2007,2770/8707490
Benin,2008,2966/8973293
Benin,2009,2960/9240783
Benin,2010,2973/9509798
Benin,2011,3331/9779795
Benin,2012,3171/10050702
Benin,2013,3129/10323474
Bermuda,2004,0/63911
Bermuda,2006,3/64337
Bermuda,2010,1/64951
Bermuda,2011,1/65086
Bermuda,2012,3/65216
Bermuda,2013,0/65341
Bhutan,1995,368/509105
Bhutan,1996,324/512594
Bhutan,1997,287/521146
Bhutan,1998,294/533737
Bhutan,1999,315/548599
Bhutan,2000,337/564350
Bhutan,2001,359/580888
Bhutan,2002,364/598455
Bhutan,2003,360/616383
Bhutan,2004,356/633893
Bhutan,2005,308/650417
Bhutan,2006,312/665568
Bhutan,2007,328/679365
Bhutan,2008,539/692159
Bhutan,2009,434/704542
Bhutan,2010,455/716939
Bhutan,2011,1180/729429
Bhutan,2012,1066/741822
Bhutan,2013,1071/753947
Bolivia (Plurinational State of),1996,6949/7806953
Bolivia (Plurinational State of),1997,6458/7978521
Bolivia (Plurinational State of),1998,6581/8150214
Bolivia (Plurinational State of),1999,6673/8322408
Bolivia (Plurinational State of),2000,6458/8495271
Bolivia (Plurinational State of),2001,6672/8669066
Bolivia (Plurinational State of),2002,6829/8843350
Bolivia (Plurinational State of),2003,6344/9016787
Bolivia (Plurinational State of),2004,6213/9187610
Bolivia (Plurinational State of),2005,6278/9354709
Bolivia (Plurinational State of),2006,5788/9517395
Bolivia (Plurinational State of),2007,5400/9676456
Bolivia (Plurinational State of),2008,6048/9834098
Bolivia (Plurinational State of),2009,7679/9993406
Bolivia (Plurinational State of),2010,7937/10156601
Bolivia (Plurinational State of),2011,8110/10324445
Bolivia (Plurinational State of),2012,7811/10496285
Bolivia (Plurinational State of),2013,8327/10671200
"Bonaire, Saint Eustatius and Saba",2010,0/17616
"Bonaire, Saint Eustatius and Saba",2011,0/18194
"Bonaire, Saint Eustatius and Saba",2012,0/18694
"Bonaire, Saint Eustatius and Saba",2013,0/19130
Bosnia and Herzegovina,1995,865/3520996
Bosnia and Herzegovina,1996,467/3485575
Bosnia and Herzegovina,1997,751/3535998
Bosnia and Herzegovina,1998,640/3640821
Bosnia and Herzegovina,1999,749/3752004
Bosnia and Herzegovina,2000,752/3834364
Bosnia and Herzegovina,2001,796/3879353
Bosnia and Herzegovina,2002,526/3897579
Bosnia and Herzegovina,2003,493/3895779
Bosnia and Herzegovina,2004,887/3886723
Bosnia and Herzegovina,2005,639/3879828
Bosnia and Herzegovina,2006,1681/3875157
Bosnia and Herzegovina,2007,0/3868665
Bosnia and Herzegovina,2008,1669/3861201
Bosnia and Herzegovina,2009,1653/3853446
Bosnia and Herzegovina,2010,1289/3845929
Bosnia and Herzegovina,2011,1318/3839322
Bosnia and Herzegovina,2012,1278/3833916
Bosnia and Herzegovina,2013,1261/3829307
Botswana,1997,2686/1657349
Botswana,1999,2855/1724924
Botswana,2000,3095/1755375
Botswana,2001,3059/1783349
Botswana,2002,3337/1808976
Botswana,2003,3050/1832602
Botswana,2004,3128/1854739
Botswana,2005,3170/1875805
Botswana,2006,3252/1895944
Botswana,2007,3002/1915187
Botswana,2008,7826/1933719
Botswana,2009,7966/1951715
Botswana,2010,6560/1969341
Botswana,2011,5865/1986701
Botswana,2012,5785/2003910
Botswana,2013,6834/2021144
Brazil,1999,37737/172006362
Brazil,2000,80488/174504898
Brazil,2001,37491/176968205
Brazil,2002,40723/179393768
Brazil,2003,39883/181752951
Brazil,2004,42881/184010283
Brazil,2005,42093/186142403
Brazil,2006,74358/188134315
Brazil,2007,71827/189996976
Brazil,2008,70484/191765567
Brazil,2009,71572/193490922
Brazil,2010,70848/195210154
Brazil,2011,71202/196935134
Brazil,2012,71072/198656019
Brazil,2013,75996/200361925
British Virgin Islands,2000,1/20643
British Virgin Islands,2002,1/21518
British Virgin Islands,2004,2/22522
British Virgin Islands,2010,1/27223
British Virgin Islands,2011,0/27730
British Virgin Islands,2012,0/28088
British Virgin Islands,2013,0/28341
Brunei Darussalam,1999,267/324501
Brunei Darussalam,2000,84/331801
Brunei Darussalam,2002,112/346407
Brunei Darussalam,2003,121/353649
Brunei Darussalam,2004,115/360797
Brunei Darussalam,2005,101/367815
Brunei Darussalam,2006,179/374697
Brunei Darussalam,2007,186/381440
Brunei Darussalam,2008,203/388017
Brunei Darussalam,2009,207/394400
Brunei Darussalam,2010,219/400569
Brunei Darussalam,2011,209/406512
Brunei Darussalam,2012,229/412238
Brunei Darussalam,2013,212/417784
Bulgaria,2000,116/8000510
Bulgaria,2001,170/7934973
Bulgaria,2002,742/7870488
Bulgaria,2003,1254/7806995
Bulgaria,2004,1315/7744575
Bulgaria,2005,1338/7683264
Bulgaria,2006,1235/7622852
Bulgaria,2007,2743/7563141
Bulgaria,2008,2828/7504206
Bulgaria,2009,2526/7446197
Bulgaria,2010,2301/7389175
Bulgaria,2011,2051/7333122
Bulgaria,2012,1965/7277831
Bulgaria,2013,1930/7222943
Burkina Faso,1995,689/10089876
Burkina Faso,1996,899/10372562
Burkina Faso,1997,899/10664982
Burkina Faso,1998,1331/10967836
Burkina Faso,1999,1248/11281942
Burkina Faso,2000,1287/11607944
Burkina Faso,2001,1518/11946080
Burkina Faso,2002,1526/12296399
Burkina Faso,2003,1703/12659086
Burkina Faso,2004,1926/13034258
Burkina Faso,2005,2294/13421929
Burkina Faso,2006,2659/13822257
Burkina Faso,2007,3704/14235075
Burkina Faso,2008,2756/14659646
Burkina Faso,2009,3061/15094967
Burkina Faso,2010,3041/15540284
Burkina Faso,2011,3450/15995313
Burkina Faso,2012,3583/16460141
Burkina Faso,2013,3616/16934839
Burundi,1995,1109/6209923
Burundi,1996,1505/6294482
Burundi,1997,2226/6369573
Burundi,1998,2921/6447672
Burundi,1999,2924/6545273
Burundi,2001,3040/6839376
Burundi,2002,2791/7037727
Burundi,2003,3017/7264340
Burundi,2004,3087/7510771
Burundi,2005,3262/7770392
Burundi,2006,3119/8042579
Burundi,2007,3595/8328312
Burundi,2008,3610/8624280
Burundi,2009,3974/8926687
Burundi,2010,7379/9232753
Burundi,2011,6494/9540362
Burundi,2012,6708/9849569
Burundi,2013,7249/10162532
Cabo Verde,1997,122/417562
Cabo Verde,1998,101/425932
Cabo Verde,2001,68/450812
Cabo Verde,2002,125/459140
Cabo Verde,2003,152/466939
Cabo Verde,2004,169/473577
Cabo Verde,2005,135/478651
Cabo Verde,2006,131/481940
Cabo Verde,2007,158/483713
Cabo Verde,2008,197/484651
Cabo Verde,2009,319/485714
Cabo Verde,2011,366/490556
Cabo Verde,2012,385/494401
Cabo Verde,2013,185/498897
Cambodia,1995,12485/10769198
Cambodia,1996,12065/11090611
Cambodia,1998,13849/11685332
Cambodia,1999,15744/11960467
Cambodia,2000,14823/12222871
Cambodia,2001,14361/12472586
Cambodia,2002,17258/12709336
Cambodia,2003,18923/12934369
Cambodia,2004,18978/13149386
Cambodia,2005,21001/13356424
Cambodia,2006,19294/13555054
Cambodia,2007,19421/13747288
Cambodia,2008,19860/13940518
Cambodia,2009,17863/14144225
Cambodia,2010,17454/14364931
Cambodia,2011,15876/14605862
Cambodia,2012,14841/14864646
Cambodia,2013,14083/15135169
Cameroon,1995,2857/13929575
Cameroon,1996,2313/14316949
Cameroon,1997,3548/14709426
Cameroon,1998,4374/15107909
Cameroon,1999,5832/15513653
Cameroon,2000,3960/15927713
Cameroon,2001,4696/16350440
Cameroon,2002,7365/16782044
Cameroon,2003,10692/17223277
Cameroon,2004,11218/17674960
Cameroon,2005,13001/18137734
Cameroon,2006,12870/18611937
Cameroon,2007,13220/19097676
Cameroon,2008,14237/19595026
Cameroon,2009,14487/20103945
Cameroon,2010,14464/20624343
Cameroon,2011,14927/21156272
Cameroon,2012,15016/21699631
Cameroon,2013,291/22253959
Canada,1995,436/29294899
Canada,1996,430/29586368
Canada,1997,473/29866502
Canada,1998,438/30140562
Canada,1999,455/30415664
Canada,2000,492/30697425
Canada,2001,458/30986788
Canada,2002,408/31283746
Canada,2003,332/31591631
Canada,2004,438/31914080
Canada,2005,432/32253092
Canada,2006,1395/32610984
Canada,2007,1396/32985806
Canada,2008,1370/33369898
Canada,2009,1447/33752618
Canada,2010,1274/34126240
Canada,2011,1332/34487414
Canada,2012,1571/34837978
Canada,2013,1638/35181704
Cayman Islands,1998,2/37742
Cayman Islands,1999,2/39810
Cayman Islands,2000,5/41685
Cayman Islands,2001,1/43317
Cayman Islands,2003,0/46032
Cayman Islands,2004,1/47299
Cayman Islands,2006,0/50026
Cayman Islands,2007,1/51472
Cayman Islands,2010,4/55509
Cayman Islands,2011,2/56601
Cayman Islands,2012,6/57570
Cayman Islands,2013,5/58435
Central African Republic,1995,1794/3275695
Central African Republic,1996,1984/3350299
Central African Republic,1997,2273/3424733
Central African Republic,1998,2637/3498140
Central African Republic,1999,2725/3569523
Central African Republic,2001,1382/3704045
Central African Republic,2002,2758/3767248
Central African Republic,2004,2923/3893595
Central African Republic,2005,2153/3960897
Central African Republic,2006,6417/4032102
Central African Republic,2008,4232/4185106
Central African Republic,2009,5132/4266247
Central African Republic,2010,6302/4349921
Central African Republic,2011,5307/4436217
Central African Republic,2012,4641/4525209
Central African Republic,2013,4196/4616417
Chad,1999,2920/8002899
Chad,2002,3517/8959964
Chad,2003,3599/9311234
Chad,2004,2270/9665024
Chad,2005,2516/10014413
Chad,2008,3309/11030628
Chad,2009,3818/11371325
Chad,2010,7701/11720781
Chad,2011,8266/12080037
Chad,2012,8289/12448175
Chad,2013,11237/12825314
Chile,1995,1624/14440103
Chile,1996,1480/14662323
Chile,1997,1523/14872458
Chile,1999,1497/15265536
Chile,2000,1290/15454402
Chile,2001,1355/15639289
Chile,2002,1412/15819522
Chile,2003,1276/15995658
Chile,2004,1297/16168241
Chile,2005,1176/16337749
Chile,2006,2271/16504530
Chile,2007,2266/16668892
Chile,2008,2275/16831184
Chile,2009,2210/16991729
Chile,2010,2209/17150760
Chile,2011,2263/17308449
Chile,2012,2215/17464814
Chile,2013,2404/17619708
China,1995,131194/1237531429
China,1996,168270/1247897092
China,1997,195895/1257021784
China,1998,214404/1265222536
China,1999,212258/1272915272
China,2000,213766/1280428583
China,2001,212766/1287890449
China,2002,194972/1295322020
China,2003,267280/1302810258
China,2004,384886/1310414386
China,2005,472719/1318176835
China,2006,468291/1326146433
China,2007,465877/1334343509
China,2008,462596/1342732604
China,2009,884477/1351247555
China,2010,869092/1359821465
China,2011,865059/1368440300
China,2012,858861/1377064907
China,2013,847176/1385566537
"China, Hong Kong SAR",1997,2036/6430651
"China, Hong Kong SAR",1999,1767/6732627
"China, Hong Kong SAR",2000,1940/6835301
"China, Hong Kong SAR",2001,1857/6892752
"China, Hong Kong SAR",2002,1892/6912079
"China, Hong Kong SAR",2003,1794/6906631
"China, Hong Kong SAR",2004,1694/6896523
"China, Hong Kong SAR",2005,5441/6896686
"China, Hong Kong SAR",2006,5142/6910671
"China, Hong Kong SAR",2007,4973/6934748
"China, Hong Kong SAR",2008,5168/6967866
"China, Hong Kong SAR",2009,4839/7006930
"China, Hong Kong SAR",2010,4619/7049514
"China, Hong Kong SAR",2011,4439/7096359
"China, Hong Kong SAR",2012,4486/7148493
"China, Hong Kong SAR",2013,4744/7203836
"China, Macao SAR",1995,141/398459
"China, Macao SAR",1996,204/405231
"China, Macao SAR",1997,304/412031
"China, Macao SAR",1998,261/418810
"China, Macao SAR",2000,133/431907
"China, Macao SAR",2001,157/438080
"China, Macao SAR",2002,147/444150
"China, Macao SAR",2003,138/450711
"China, Macao SAR",2004,128/458542
"China, Macao SAR",2005,136/468149
"China, Macao SAR",2006,365/479808
"China, Macao SAR",2007,314/493206
"China, Macao SAR",2008,338/507528
"China, Macao SAR",2009,291/521617
"China, Macao SAR",2010,347/534626
"China, Macao SAR",2011,446/546278
"China, Macao SAR",2012,326/556783
"China, Macao SAR",2013,433/566375
Colombia,1999,8329/39234115
Colombia,2000,8358/39897984
Colombia,2001,8022/40558648
Colombia,2002,6519/41216304
Colombia,2003,7972/41872051
Colombia,2004,7640/42527623
Colombia,2005,6870/43184026
Colombia,2006,10696/43841370
Colombia,2007,10527/44498390
Colombia,2008,10931/45153037
Colombia,2009,10985/45802561
Colombia,2010,10709/46444798
Colombia,2011,11142/47078792
Colombia,2012,11066/47704427
Colombia,2013,11737/48321405
Comoros,1995,103/465895
Comoros,1996,111/477548
Comoros,1998,92/502128
Comoros,2000,87/528312
Comoros,2001,92/541976
Comoros,2002,72/556028
Comoros,2003,48/570491
Comoros,2005,79/600733
Comoros,2006,109/616526
Comoros,2008,112/649291
Comoros,2009,118/666097
Comoros,2011,106/700216
Comoros,2012,117/717503
Comoros,2013,70/734917
Congo,1995,1986/2720633
Congo,1999,2032/3044444
Congo,2001,4164/3205636
Congo,2004,4119/3448868
Congo,2006,3191/3646653
Congo,2007,3552/3758858
Congo,2008,3371/3876475
Congo,2009,3433/3995146
Congo,2010,3449/4111715
Congo,2011,3716/4225359
Congo,2012,3984/4337051
Congo,2013,3903/4447632
Cook Islands,1995,2/18305
Cook Islands,1996,1/18244
Cook Islands,1997,2/18093
Cook Islands,1998,0/17915
Cook Islands,2000,0/17826
Cook Islands,2001,2/18003
Cook Islands,2002,1/18308
Cook Islands,2003,0/18690
Cook Islands,2004,1/19072
Cook Islands,2005,1/19399
Cook Islands,2006,0/19656
Cook Islands,2008,2/20016
Cook Islands,2009,2/20153
Cook Islands,2010,0/20284
Cook Islands,2011,1/20409
Cook Islands,2012,0/20523
Cook Islands,2013,2/20629
Costa Rica,1995,219/3478197
Costa Rica,1996,122/3566605
Costa Rica,1997,578/3658020
Costa Rica,1998,562/3750585
Costa Rica,1999,591/3841734
Costa Rica,2000,434/3929588
Costa Rica,2001,385/4013488
Costa Rica,2002,328/4093840
Costa Rica,2003,346/4171145
Costa Rica,2004,419/4246336
Costa Rica,2005,330/4320130
Costa Rica,2006,472/4392493
Costa Rica,2007,523/4463226
Costa Rica,2008,487/4532711
Costa Rica,2009,472/4601424
Costa Rica,2010,462/4669685
Costa Rica,2011,498/4737680
Costa Rica,2012,451/4805295
Costa Rica,2013,407/4872166
Croatia,1995,1204/4690192
Croatia,1997,1073/4601596
Croatia,1998,1129/4554877
Croatia,1999,475/4511766
Croatia,2001,838/4446789
Croatia,2002,431/4426098
Croatia,2003,438/4411370
Croatia,2004,416/4399706
Croatia,2005,372/4388857
Croatia,2006,1028/4378601
Croatia,2007,76/4369337
Croatia,2008,931/4360126
Croatia,2009,793/4349930
Croatia,2010,652/4338027
Croatia,2011,619/4323822
Croatia,2012,539/4307422
Croatia,2013,511/4289714
Cuba,1995,834/10932013
Cuba,1996,835/10980758
Cuba,1997,765/11024249
Cuba,1998,744/11063917
Cuba,1999,720/11101580
Cuba,2000,675/11138416
Cuba,2001,559/11175465
Cuba,2002,540/11212125
Cuba,2003,507/11245926
Cuba,2004,454/11273363
Cuba,2005,467/11292078
Cuba,2006,716/11301100
Cuba,2008,771/11296355
Cuba,2009,659/11288826
Cuba,2010,772/11281768
Cuba,2011,742/11276053
Cuba,2012,686/11270957
Cuba,2013,757/11265629
Cyprus,1995,12/855389
Cyprus,1996,3/873246
Cyprus,1998,6/908040
Cyprus,1999,39/925491
Cyprus,2002,8/979877
Cyprus,2003,14/998142
Cyprus,2004,10/1015820
Cyprus,2005,8/1032586
Cyprus,2006,36/1048314
Cyprus,2007,39/1063095
Cyprus,2008,41/1077089
Cyprus,2009,40/1090553
Cyprus,2010,32/1103685
Cyprus,2011,30/1116513
Cyprus,2012,54/1128994
Cyprus,2013,41/1141166
Czech Republic,1995,508/10339223
Czech Republic,1996,574/10327823
Czech Republic,1997,481/10311228
Czech Republic,1998,545/10291153
Czech Republic,1999,449/10270096
Czech Republic,2000,410/10250398
Czech Republic,2001,391/10231435
Czech Republic,2002,329/10214070
Czech Republic,2003,338/10203846
Czech Republic,2004,302/10207862
Czech Republic,2005,308/10230683
Czech Republic,2006,941/10274906
Czech Republic,2007,790/10337782
Czech Republic,2008,807/10411836
Czech Republic,2009,632/10486434
Czech Republic,2010,619/10553701
Czech Republic,2011,568/10611037
Czech Republic,2012,565/10660051
Czech Republic,2013,471/10702197
Democratic People's Republic of Korea,1997,3980/22240833
Democratic People's Republic of Korea,1998,302/22444993
Democratic People's Republic of Korea,1999,2673/22641754
Democratic People's Republic of Korea,2000,16440/22840225
Democratic People's Republic of Korea,2001,14428/23043449
Democratic People's Republic of Korea,2002,18576/23248059
Democratic People's Republic of Korea,2003,17392/23449180
Democratic People's Republic of Korea,2004,18479/23639303
Democratic People's Republic of Korea,2005,17816/23813333
Democratic People's Republic of Korea,2006,18435/23969917
Democratic People's Republic of Korea,2007,23575/24111989
Democratic People's Republic of Korea,2008,70384/24243894
Democratic People's Republic of Korea,2009,74089/24371865
Democratic People's Republic of Korea,2010,81240/24500520
Democratic People's Republic of Korea,2011,85564/24631291
Democratic People's Republic of Korea,2012,85184/24763188
Democratic People's Republic of Korea,2013,90591/24895480
Democratic Republic of the Congo,1995,14069/42012524
Democratic Republic of the Congo,1996,11587/43122601
Democratic Republic of the Congo,1997,13242/44078397
Democratic Republic of the Congo,1998,30573/44960941
Democratic Republic of the Congo,1999,34921/45889100
Democratic Republic of the Congo,2000,35488/46949244
Democratic Republic of the Congo,2001,40450/48167045
Democratic Republic of the Congo,2002,43480/49516960
Democratic Republic of the Congo,2003,53333/50972323
Democratic Republic of the Congo,2004,62192/52487293
Democratic Republic of the Congo,2005,65040/54028003
Democratic Republic of the Congo,2006,63144/55590838
Democratic Republic of the Congo,2007,66099/57187942
Democratic Republic of the Congo,2008,69477/58819038
Democratic Republic of the Congo,2009,70489/60486276
Democratic Republic of the Congo,2010,73653/62191161
Democratic Republic of the Congo,2011,71321/63931512
Democratic Republic of the Congo,2012,71124/65705093
Democratic Republic of the Congo,2013,71220/67513677
Denmark,1995,128/5232582
Denmark,1996,97/5254383
Denmark,1997,114/5276683
Denmark,1998,132/5298680
Denmark,1999,170/5319410
Denmark,2000,171/5338283
Denmark,2001,124/5354684
Denmark,2002,135/5368994
Denmark,2003,143/5382853
Denmark,2004,146/5398558
Denmark,2005,129/5417692
Denmark,2006,341/5440923
Denmark,2007,355/5467551
Denmark,2008,329/5496104
Denmark,2009,290/5524427
Denmark,2010,264/5550959
Denmark,2011,269/5575237
Denmark,2012,337/5597760
Denmark,2013,330/5619096
Djibouti,1996,1796/675891
Djibouti,1997,1905/687897
Djibouti,1998,1697/699922
Djibouti,1999,1570/711652
Djibouti,2000,1394/722887
Djibouti,2001,1312/733732
Djibouti,2002,1253/744434
Djibouti,2003,1192/755085
Djibouti,2004,1086/765776
Djibouti,2005,1120/776585
Djibouti,2006,1153/787544
Djibouti,2007,2826/798690
Djibouti,2008,1375/810100
Djibouti,2009,1377/821865
Djibouti,2010,1181/834036
Djibouti,2011,1336/846646
Djibouti,2012,1170/859652
Djibouti,2013,1150/872932
Dominica,1996,7/71146
Dominica,1997,5/70756
Dominica,1998,5/70295
Dominica,2002,2/69806
Dominica,2006,19/70690
Dominica,2007,3/70795
Dominica,2008,12/70883
Dominica,2009,4/70996
Dominica,2010,8/71167
Dominica,2011,2/71401
Dominica,2012,6/71684
Dominica,2013,3/72003
Dominican Republic,1996,1300/8118570
Dominican Republic,1997,2682/8256496
Dominican Republic,1998,2194/8392534
Dominican Republic,1999,3489/8527881
Dominican Republic,2000,2907/8663421
Dominican Republic,2002,2179/8935261
Dominican Republic,2003,2806/9071318
Dominican Republic,2004,2720/9207389
Dominican Republic,2005,2949/9343362
Dominican Republic,2006,2658/9479269
Dominican Republic,2007,2373/9615015
Dominican Republic,2008,2458/9750195
Dominican Republic,2009,2441/9884265
Dominican Republic,2010,2159/10016797
Dominican Republic,2011,2454/10147598
Dominican Republic,2012,2483/10276621
Dominican Republic,2013,2675/10403761
Ecuador,1998,1523/12042454
Ecuador,2001,4439/12780869
Ecuador,2003,1699/13279806
Ecuador,2004,4340/13529091
Ecuador,2005,3048/13777131
Ecuador,2006,3182/14023503
Ecuador,2007,3448/14268397
Ecuador,2008,3380/14512402
Ecuador,2009,3330/14756424
Ecuador,2010,3373/15001072
Ecuador,2011,4709/15246481
Ecuador,2012,4997/15492264
Ecuador,2013,5277/15737878
Egypt,1995,4475/61168397
Egypt,1996,4635/62123592
Egypt,1997,5074/63094069
Egypt,1998,5077/64084443
Egypt,1999,4713/65097777
Egypt,2000,4580/66136590
Egypt,2001,4514/67204189
Egypt,2002,4777/68302914
Egypt,2003,5001/69432477
Egypt,2004,4619/70591288
Egypt,2005,3730/71777678
Egypt,2006,9559/72990754
Egypt,2007,9458/74229577
Egypt,2008,8939/75491922
Egypt,2009,9289/76775023
Egypt,2010,8886/78075705
Egypt,2011,8523/79392466
Egypt,2012,8145/80721874
Egypt,2013,7534/82056378
El Salvador,1996,965/5806750
El Salvador,1997,860/5855226
El Salvador,1998,984/5895018
El Salvador,1999,1023/5928809
El Salvador,2000,1008/5958794
El Salvador,2001,1003/5985299
El Salvador,2002,980/6008308
El Salvador,2003,870/6029366
El Salvador,2004,926/6050297
El Salvador,2005,1059/6072538
El Salvador,2006,1196/6096692
El Salvador,2007,1606/6122952
El Salvador,2008,1660/6151776
El Salvador,2009,1622/6183484
El Salvador,2010,1638/6218195
El Salvador,2011,1834/6256242
El Salvador,2012,1965/6297394
El Salvador,2013,2067/6340454
Equatorial Guinea,1995,218/441829
Equatorial Guinea,1997,226/471288
Equatorial Guinea,1998,284/486542
Equatorial Guinea,2004,406/585983
Equatorial Guinea,2008,541/658025
Equatorial Guinea,2009,599/676851
Equatorial Guinea,2010,724/696167
Equatorial Guinea,2011,858/715996
Eritrea,1997,109/3560353
Eritrea,1998,228/3668350
Eritrea,1999,530/3795384
Eritrea,2000,597/3939348
Eritrea,2001,702/4101609
Eritrea,2002,646/4281576
Eritrea,2003,887/4472533
Eritrea,2004,679/4665522
Eritrea,2005,687/4854066
Eritrea,2006,680/5035036
Eritrea,2007,694/5209846
Eritrea,2009,802/5557889
Eritrea,2010,832/5741159
Eritrea,2012,779/6130922
Estonia,1996,240/1412522
Estonia,1997,258/1397071
Estonia,1998,299/1385531
Estonia,1999,274/1375744
Estonia,2000,255/1366117
Estonia,2001,212/1356549
Estonia,2002,203/1347674
Estonia,2003,201/1339453
Estonia,2004,203/1331928
Estonia,2005,162/1325112
Estonia,2006,373/1318893
Estonia,2007,396/1313138
Estonia,2008,354/1307827
Estonia,2009,326/1302965
Estonia,2010,252/1298533
Estonia,2011,264/1294498
Estonia,2012,234/1290778
Estonia,2013,263/1287251
Ethiopia,1995,6080/57023519
Ethiopia,1996,9225/58815116
Ethiopia,1997,15753/60584273
Ethiopia,1998,17864/62353942
Ethiopia,1999,21555/64158887
Ethiopia,2000,30510/66024199
Ethiopia,2001,33028/67956866
Ethiopia,2002,36541/69948344
Ethiopia,2003,39698/71989666
Ethiopia,2004,41430/74066147
Ethiopia,2005,38525/76167240
Ethiopia,2006,36674/78290649
Ethiopia,2007,38040/80440708
Ethiopia,2008,40794/82621190
Ethiopia,2009,44396/84838032
Ethiopia,2010,46634/87095281
Ethiopia,2011,49694/89393063
Ethiopia,2012,15534/91728849
Ethiopia,2013,21317/94100756
Fiji,1995,68/775587
Fiji,1996,69/784647
Fiji,1997,66/793098
Fiji,1998,74/800616
Fiji,1999,65/806857
Fiji,2000,62/811647
Fiji,2001,62/814700
Fiji,2002,74/816237
Fiji,2003,78/817224
Fiji,2004,62/818995
Fiji,2005,132/822484
Fiji,2006,113/828060
Fiji,2007,127/835392
Fiji,2008,114/843851
Fiji,2009,121/852479
Fiji,2010,179/860559
Fiji,2011,205/867921
Fiji,2012,205/874742
Fiji,2013,254/881065
Finland,1995,244/5108176
Finland,1996,240/5126021
Finland,1997,186/5140755
Finland,1998,188/5153229
Finland,1999,179/5164780
Finland,2000,201/5176482
Finland,2001,148/5188330
Finland,2002,128/5200259
Finland,2003,135/5213213
Finland,2004,102/5228340
Finland,2005,97/5246368
Finland,2006,280/5267817
Finland,2007,613/5292261
Finland,2008,331/5318297
Finland,2009,400/5343927
Finland,2010,304/5367693
Finland,2011,311/5389084
Finland,2012,252/5408466
Finland,2013,266/5426323
France,1995,3449/58008958
France,1996,2991/58216225
France,1997,2421/58418324
France,1999,2312/58894671
France,2000,1807/59213096
France,2001,1827/59600714
France,2002,1754/60047743
France,2003,1719/60527640
France,2004,1681/61002537
France,2005,1718/61444972
France,2006,4789/61845239
France,2007,6326/62210877
France,2008,3281/62552614
France,2009,2847/62888318
France,2010,2730/63230866
France,2011,2652/63582112
France,2012,2600/63936575
France,2013,4680/64291280
French Polynesia,1996,37/219282
French Polynesia,1997,41/223734
French Polynesia,1998,34/228380
French Polynesia,1999,33/232956
French Polynesia,2000,29/237267
French Polynesia,2001,45/241276
French Polynesia,2002,27/245032
French Polynesia,2003,21/248536
French Polynesia,2004,30/251811
French Polynesia,2005,22/254884
French Polynesia,2006,67/257731
French Polynesia,2007,62/260361
French Polynesia,2008,45/262877
French Polynesia,2009,48/265412
French Polynesia,2010,37/268065
French Polynesia,2011,62/270874
French Polynesia,2012,44/273814
French Polynesia,2013,52/276831
Gabon,1995,486/1080477
Gabon,1996,249/1108698
Gabon,1998,886/1166525
Gabon,1999,915/1195919
Gabon,2001,1131/1255299
Gabon,2002,1033/1285318
Gabon,2003,1233/1315820
Gabon,2004,1323/1347125
Gabon,2005,1042/1379465
Gabon,2006,1145/1412907
Gabon,2008,1501/1482843
Gabon,2009,1243/1519155
Gabon,2010,3198/1556222
Gabon,2011,1740/1594034
Gabon,2012,4512/1632572
Gabon,2013,1930/1671711
Gambia,1995,658/1065746
Gambia,1996,757/1095930
Gambia,1997,820/1126986
Gambia,1998,903/1159271
Gambia,1999,862/1193143
Gambia,2002,1035/1306667
Gambia,2003,1035/1348548
Gambia,2004,1012/1391934
Gambia,2005,1127/1436549
Gambia,2006,1209/1482324
Gambia,2008,2026/1577984
Gambia,2009,2079/1628332
Gambia,2010,1344/1680640
Gambia,2011,1375/1734966
Gambia,2012,1429/1791225
Gambia,2013,137/1849285
Georgia,1995,221/5067143
Georgia,1996,475/4990097
Georgia,1997,595/4922489
Georgia,1998,547/4861848
Georgia,1999,746/4803312
Georgia,2000,592/4743591
Georgia,2001,1014/4682290
Georgia,2002,984/4621837
Georgia,2003,987/4564938
Georgia,2004,1311/4515280
Georgia,2005,1495/4475306
Georgia,2006,4318/4446032
Georgia,2007,4028/4426077
Georgia,2008,4148/4412502
Georgia,2009,4457/4401093
Georgia,2010,4383/4388674
Georgia,2011,4223/4374226
Georgia,2012,3778/4358242
Georgia,2013,3434/4340895
Germany,1995,3852/83147770
Germany,1996,3680/83388930
Germany,1997,3346/83490697
Germany,1998,3124/83500716
Germany,1999,2918/83490881
Germany,2001,841/83583461
Germany,2002,722/83685160
Germany,2003,1195/83788480
Germany,2004,1327/83848844
Germany,2005,1190/83835978
Germany,2006,4862/83740302
Germany,2007,5655/83578794
Germany,2008,3538/83379538
Germany,2009,3571/83182774
Germany,2010,3452/83017404
Germany,2011,3457/82892904
Germany,2012,3378/82800121
Germany,2013,4175/82726626
Ghana,1995,2638/16760926
Ghana,1996,2422/17169151
Ghana,1997,5596/17568461
Ghana,1998,7005/17968830
Ghana,1999,6825/18384302
Ghana,2000,7316/18825034
Ghana,2001,7712/19293392
Ghana,2002,7732/19786307
Ghana,2003,7714/20301686
Ghana,2004,7259/20835514
Ghana,2005,7505/21384034
Ghana,2006,7786/21947779
Ghana,2007,7429/22525659
Ghana,2009,8255/23691533
Ghana,2010,12724/24262901
Ghana,2011,14962/24820706
Ghana,2012,14377/25366462
Ghana,2013,15043/25904598
Greece,1997,287/10833632
Greece,1998,287/10896763
Greece,1999,142/10947724
Greece,2000,211/10986883
Greece,2001,199/11012931
Greece,2002,152/11026358
Greece,2003,207/11031728
Greece,2004,151/11035302
Greece,2005,176/11041642
Greece,2006,573/11052514
Greece,2007,500/11066884
Greece,2008,533/11083063
Greece,2009,458/11098149
Greece,2010,345/11109999
Greece,2011,443/11118556
Greece,2012,443/11124639
Greece,2013,486/11127990
Greenland,2009,57/56569
Greenland,2010,104/56546
Greenland,2011,115/56626
Greenland,2012,82/56787
Greenland,2013,96/56987
Grenada,1997,2/101125
Grenada,1998,2/101302
Grenada,1999,3/101441
Grenada,2003,2/102369
Grenada,2004,1/102655
Grenada,2006,1/103260
Grenada,2007,3/103586
Grenada,2008,5/103932
Grenada,2009,5/104296
Grenada,2010,4/104677
Grenada,2011,2/105074
Grenada,2012,1/105483
Grenada,2013,1/105897
Guam,2000,54/155328
Guam,2001,48/156417
Guam,2002,65/157241
Guam,2003,39/157823
Guam,2004,22/158194
Guam,2005,27/158401
Guam,2006,44/158429
Guam,2007,52/158331
Guam,2008,89/158310
Guam,2009,101/158621
Guam,2010,99/159440
Guam,2011,78/160858
Guam,2012,68/162810
Guam,2013,48/165124
Guatemala,1995,2368/9983861
Guatemala,1996,2308/10214623
Guatemala,1997,2218/10449636
Guatemala,1998,2255/10691090
Guatemala,1999,2264/10941913
Guatemala,2000,2052/11204183
Guatemala,2001,1669/11478984
Guatemala,2002,1865/11765738
Guatemala,2003,1795/12062835
Guatemala,2004,2339/12367800
Guatemala,2005,2420/12678919
Guatemala,2007,3006/13317931
Guatemala,2008,2742/13648307
Guatemala,2009,3010/13988988
Guatemala,2010,2121/14341576
Guatemala,2011,1961/14706578
Guatemala,2013,2196/15468203
Guinea,1995,2263/7837173
Guinea,1996,2844/8094751
Guinea,1997,2981/8296478
Guinea,1998,3362/8457221
Guinea,1999,3562/8600911
Guinea,2000,3920/8746128
Guinea,2001,4092/8895353
Guinea,2002,4028/9045748
Guinea,2003,4495/9204581
Guinea,2004,5015/9379621
Guinea,2005,5479/9576331
Guinea,2006,5903/9798963
Guinea,2007,6224/10046967
Guinea,2008,6561/10314678
Guinea,2009,5377/10593248
Guinea,2010,7041/10876033
Guinea,2011,10664/11161530
Guinea,2012,5015/11451273
Guinea,2013,11313/11745189
Guinea-Bissau,1996,922/1165465
Guinea-Bissau,2000,526/1273312
Guinea-Bissau,2002,899/1330849
Guinea-Bissau,2003,963/1360559
Guinea-Bissau,2004,1186/1390791
Guinea-Bissau,2005,1132/1421515
Guinea-Bissau,2006,2004/1452659
Guinea-Bissau,2008,1223/1516920
Guinea-Bissau,2009,1310/1550905
Guinea-Bissau,2010,1409/1586624
Guinea-Bissau,2011,1885/1624228
Guinea-Bissau,2012,1847/1663558
Guinea-Bissau,2013,2046/1704255
Guyana,1995,80/728136
Guyana,1996,71/730865
Guyana,1997,105/734059
Guyana,1998,318/737526
Guyana,2000,119/744471
Guyana,2001,174/747657
Guyana,2002,526/750629
Guyana,2003,595/753612
Guyana,2004,510/756939
Guyana,2005,656/760834
Guyana,2006,710/765367
Guyana,2007,577/770407
Guyana,2008,623/775739
Guyana,2009,626/781055
Guyana,2010,674/786126
Guyana,2011,683/790882
Guyana,2012,725/795369
Guyana,2013,679/799613
Haiti,1996,3351/7986858
Haiti,1997,5449/8136372
Haiti,1998,6442/8285690
Haiti,1999,6828/8433339
Haiti,2000,5887/8578234
Haiti,2001,5607/8720247
Haiti,2002,6188/8859635
Haiti,2003,7015/8996229
Haiti,2004,7044/9129933
Haiti,2005,7340/9260879
Haiti,2006,13693/9388642
Haiti,2007,13824/9513714
Haiti,2008,14289/9638255
Haiti,2010,13884/9896400
Haiti,2011,14871/10032864
Haiti,2012,15898/10173775
Haiti,2013,17040/10317461
Honduras,1995,2438/5591935
Honduras,1996,1944/5723639
Honduras,1997,1579/5852719
Honduras,1998,2311/5980152
Honduras,1999,2406/6107385
Honduras,2000,2345/6235561
Honduras,2001,2839/6365040
Honduras,2002,2956/6495801
Honduras,2003,1956/6628171
Honduras,2004,2012/6762426
Honduras,2005,2069/6898825
Honduras,2006,3024/7037428
Honduras,2007,2772/7178436
Honduras,2008,2678/7322368
Honduras,2009,2732/7469844
Honduras,2010,2706/7621204
Honduras,2011,3078/7776669
Honduras,2012,2816/7935846
Honduras,2013,2981/8097688
Hungary,1996,1066/10334876
Hungary,1997,702/10311227
Hungary,1998,667/10282937
Hungary,1999,660/10253110
Hungary,2000,412/10224113
Hungary,2001,534/10196130
Hungary,2002,550/10168591
Hungary,2003,516/10142243
Hungary,2004,557/10117872
Hungary,2005,420/10095964
Hungary,2006,1575/10077017
Hungary,2007,1424/10060786
Hungary,2008,1320/10046058
Hungary,2009,1192/10031096
Hungary,2010,1472/10014633
Hungary,2011,1223/9996227
Hungary,2012,1139/9976195
Hungary,2013,1040/9954941
Iceland,1995,2/267454
Iceland,1996,1/270089
Iceland,1997,5/272798
Iceland,1998,2/275568
Iceland,1999,2/278376
Iceland,2000,1/281214
Iceland,2001,3/284056
Iceland,2002,2/286929
Iceland,2003,1/289925
Iceland,2004,2/293170
Iceland,2005,2/296745
Iceland,2006,13/300693
Iceland,2007,29/304957
Iceland,2008,6/309394
Iceland,2009,7/313804
Iceland,2010,22/318042
Iceland,2011,8/322052
Iceland,2012,10/325867
Iceland,2013,11/329535
India,1995,1985/955804355
India,1996,6254/973147577
India,1997,7708/990460131
India,1998,12421/1007746556
India,1999,52900/1025014711
India,2000,193149/1042261758
India,2001,185277/1059500888
India,2002,351493/1076705723
India,2003,404884/1093786762
India,2004,479665/1110626108
India,2005,508557/1127143548
India,2006,553797/1143289350
India,2007,1198289/1159095250
India,2008,615492/1174662334
India,2009,624617/1190138069
India,2010,630164/1205624648
India,2011,642311/1221156319
India,2012,629589/1236686732
Indonesia,1995,2468/194112556
Indonesia,1996,11381/197097887
Indonesia,1997,17364/200050444
Indonesia,1998,32280/202990922
Indonesia,1999,49172/205946831
Indonesia,2001,53965/211970371
Indonesia,2002,76230/215038285
Indonesia,2003,92566/218145617
Indonesia,2004,128981/221293797
Indonesia,2005,158640/224480901
Indonesia,2006,175320/227709821
Indonesia,2007,271278/230972808
Indonesia,2008,292899/234243489
Indonesia,2009,289044/237486894
Indonesia,2010,296272/240676485
Indonesia,2011,313601/243801639
Indonesia,2012,322882/246864191
Indonesia,2013,325582/249865631
Iran (Islamic Republic of),1995,9324/60468352
Iran (Islamic Republic of),1996,5414/61440887
Iran (Islamic Republic of),1997,5271/62542531
Iran (Islamic Republic of),1998,5141/63713397
Iran (Islamic Republic of),1999,4977/64858754
Iran (Islamic Republic of),2000,5378/65911052
Iran (Islamic Republic of),2001,5529/66857624
Iran (Islamic Republic of),2002,5366/67727274
Iran (Islamic Republic of),2003,5188/68543171
Iran (Islamic Republic of),2004,4897/69342126
Iran (Islamic Republic of),2005,4581/70152384
Iran (Islamic Republic of),2006,9054/70976584
Iran (Islamic Republic of),2007,9046/71809219
Iran (Islamic Republic of),2008,9156/72660887
Iran (Islamic Republic of),2009,9763/73542954
Iran (Islamic Republic of),2010,10042/74462314
Iran (Islamic Republic of),2011,10595/75424285
Iran (Islamic Republic of),2012,10705/76424443
Iran (Islamic Republic of),2013,11052/77447168
Iraq,1995,11553/20363138
Iraq,1997,8001/21693597
Iraq,1998,8850/22387179
Iraq,1999,10811/23091408
Iraq,2000,2779/23801156
Iraq,2001,3559/24516842
Iraq,2002,3895/25238267
Iraq,2003,3557/25959531
Iraq,2004,3381/26673536
Iraq,2005,3096/27377045
Iraq,2006,7440/28064095
Iraq,2007,7309/28740630
Iraq,2008,8595/29429829
Iraq,2009,8917/30163199
Iraq,2010,9320/30962380
Iraq,2011,8479/31837015
Iraq,2012,8336/32778030
Iraq,2013,8554/33765232
Ireland,1998,111/3706616
Ireland,1999,115/3750879
Ireland,2000,108/3803741
Ireland,2001,74/3865839
Ireland,2002,88/3935875
Ireland,2003,98/4010652
Ireland,2004,93/4085790
Ireland,2005,94/4158002
Ireland,2006,410/4226104
Ireland,2007,954/4290537
Ireland,2008,328/4351657
Ireland,2009,361/4410422
Ireland,2010,327/4467561
Ireland,2011,280/4522844
Ireland,2012,248/4575890
Ireland,2013,354/4627173
Israel,1996,147/5486219
Israel,1997,223/5630066
Israel,1998,221/5764197
Israel,1999,517/5891263
Israel,2000,529/6013711
Israel,2001,505/6129590
Israel,2002,452/6238958
Israel,2003,457/6348782
Israel,2004,443/6468354
Israel,2005,365/6603677
Israel,2006,335/6758761
Israel,2007,389/6930068
Israel,2008,318/7106828
Israel,2009,338/7273804
Israel,2010,338/7420368
Israel,2011,408/7542327
Israel,2012,498/7643905
Israel,2013,308/7733144
Italy,1995,1402/56967071
Italy,1996,1539/56937309
Italy,1997,1930/56887127
Italy,1998,2353/56850303
Italy,1999,1233/56872736
Italy,2000,676/56986085
Italy,2001,743/57200233
Italy,2002,936/57501450
Italy,2003,1167/57868021
Italy,2004,833/58267068
Italy,2005,1104/58671855
Italy,2006,4058/59078271
Italy,2007,2965/59485505
Italy,2008,3395/59873820
Italy,2009,2520/60220314
Italy,2010,2722/60508978
Italy,2011,2007/60729316
Italy,2012,1611/60884593
Italy,2013,2434/60990277
Jamaica,1995,91/2462051
Jamaica,1996,75/2485230
Jamaica,1997,71/2509439
Jamaica,1998,82/2534127
Jamaica,1999,92/2558579
Jamaica,2000,90/2582219
Jamaica,2001,75/2604946
Jamaica,2002,60/2626716
Jamaica,2003,81/2647116
Jamaica,2004,69/2665680
Jamaica,2005,53/2682149
Jamaica,2006,93/2696227
Jamaica,2007,94/2708152
Jamaica,2008,99/2718862
Jamaica,2009,130/2729660
Jamaica,2010,128/2741485
Jamaica,2011,78/2754669
Jamaica,2012,88/2768941
Jamaica,2013,95/2783888
Japan,1995,14367/124483305
Japan,1996,12867/124794906
Japan,1997,13571/125048712
Japan,1998,11935/125266855
Japan,1999,12909/125481436
Japan,2000,11853/125714674
Japan,2001,11408/125973930
Japan,2002,10807/126249090
Japan,2003,10843/126523597
Japan,2004,10471/126772899
Japan,2005,10931/126978754
Japan,2006,24460/127136020
Japan,2007,23626/127248855
Japan,2008,22924/127319434
Japan,2009,22419/127352872
Japan,2010,21499/127352833
Japan,2011,20994/127319206
Japan,2012,19947/127249704
Japan,2013,20495/127143577
Jordan,1995,193/4320158
Jordan,1996,170/4450852
Jordan,1997,136/4551911
Jordan,1998,110/4630762
Jordan,1999,102/4699278
Jordan,2000,89/4767476
Jordan,2001,94/4835108
Jordan,2002,91/4902974
Jordan,2003,108/4983508
Jordan,2004,91/5092185
Jordan,2005,86/5239417
Jordan,2006,355/5428896
Jordan,2007,333/5655856
Jordan,2008,337/5911202
Jordan,2009,363/6181307
Jordan,2010,336/6454554
Jordan,2011,312/6731151
Jordan,2012,330/7009444
Jordan,2013,326/7273799
Kazakhstan,1997,4432/15085965
Kazakhstan,1998,6180/14858241
Kazakhstan,1999,6887/14679568
Kazakhstan,2000,8903/14575644
Kazakhstan,2001,9079/14559255
Kazakhstan,2002,9452/14623188
Kazakhstan,2004,7927/14902452
Kazakhstan,2005,6911/15064088
Kazakhstan,2006,25988/15227211
Kazakhstan,2007,21073/15396045
Kazakhstan,2008,19684/15568294
Kazakhstan,2009,16810/15743552
Kazakhstan,2010,15487/15921127
Kazakhstan,2011,14396/16097998
Kazakhstan,2012,13404/16271201
Kazakhstan,2013,18958/16440586
Kenya,1995,13934/27418077
Kenya,1996,16978/28186224
Kenya,1997,18856/28943647
Kenya,1998,24029/29702246
Kenya,1999,27197/30478597
Kenya,2000,28773/31285050
Kenya,2001,31307/32126351
Kenya,2002,34318/33000524
Kenya,2003,38158/33905011
Kenya,2004,41149/34834606
Kenya,2005,40389/35785718
Kenya,2006,39154/36757498
Kenya,2007,38360/37752304
Kenya,2008,78697/38773277
Kenya,2009,87427/39824734
Kenya,2010,85484/40909194
Kenya,2011,84548/42027891
Kenya,2012,81449/43178141
Kenya,2013,74335/44353691
Kiribati,1996,29/77511
Kiribati,1997,17/78725
Kiribati,1998,49/80018
Kiribati,1999,59/81377
Kiribati,2000,54/82788
Kiribati,2001,64/84261
Kiribati,2002,82/85799
Kiribati,2003,99/87371
Kiribati,2004,142/88936
Kiribati,2005,124/90468
Kiribati,2006,350/91953
Kiribati,2007,328/93401
Kiribati,2008,325/94832
Kiribati,2009,274/96272
Kiribati,2010,280/97743
Kiribati,2011,336/99250
Kiribati,2012,329/100786
Kiribati,2013,410/102351
Kuwait,1995,175/1586123
Kuwait,1996,153/1585244
Kuwait,1997,201/1635999
Kuwait,1998,185/1722208
Kuwait,1999,169/1818405
Kuwait,2000,180/1906231
Kuwait,2001,174/1980604
Kuwait,2002,206/2048232
Kuwait,2003,201/2116353
Kuwait,2004,248/2196466
Kuwait,2005,187/2296314
Kuwait,2006,644/2417445
Kuwait,2007,645/2554920
Kuwait,2008,866/2702221
Kuwait,2009,932/2850102
Kuwait,2010,955/2991580
Kuwait,2011,222/3124705
Kuwait,2012,737/3250496
Kuwait,2013,704/3368572
Kyrgyzstan,1995,832/4592135
Kyrgyzstan,1996,1003/4658815
Kyrgyzstan,1997,1618/4739263
Kyrgyzstan,1998,830/4823870
Kyrgyzstan,1999,1642/4898865
Kyrgyzstan,2000,1257/4954850
Kyrgyzstan,2001,1481/4988162
Kyrgyzstan,2002,1544/5003394
Kyrgyzstan,2003,1652/5009453
Kyrgyzstan,2004,1761/5019310
Kyrgyzstan,2005,1972/5042381
Kyrgyzstan,2006,1843/5081620
Kyrgyzstan,2007,1746/5134297
Kyrgyzstan,2008,5333/5197274
Kyrgyzstan,2009,5434/5265218
Kyrgyzstan,2010,5308/5334223
Kyrgyzstan,2011,1537/5403419
Kyrgyzstan,2012,5851/5474213
Kyrgyzstan,2013,5859/5547548
Lao People's Democratic Republic,1995,726/4871472
Lao People's Democratic Republic,1996,886/4986592
Lao People's Democratic Republic,1997,1234/5096724
Lao People's Democratic Republic,1998,1494/5200898
Lao People's Democratic Republic,1999,1706/5298146
Lao People's Democratic Republic,2000,1526/5388281
Lao People's Democratic Republic,2001,1563/5470169
Lao People's Democratic Republic,2002,1829/5545245
Lao People's Democratic Republic,2003,1866/5619069
Lao People's Democratic Republic,2004,2226/5699112
Lao People's Democratic Republic,2005,2806/5790646
Lao People's Democratic Republic,2006,3041/5895930
Lao People's Democratic Republic,2007,3084/6013278
Lao People's Democratic Republic,2008,3079/6139127
Lao People's Democratic Republic,2009,3034/6267968
Lao People's Democratic Republic,2010,3819/6395713
Lao People's Democratic Republic,2011,4136/6521314
Lao People's Democratic Republic,2012,3885/6645827
Lao People's Democratic Republic,2013,3937/6769727
Latvia,1995,504/2487988
Latvia,1996,575/2458305
Latvia,1997,634/2434628
Latvia,1998,668/2414650
Latvia,1999,588/2394521
Latvia,2000,637/2371481
Latvia,2001,661/2345309
Latvia,2002,636/2317261
Latvia,2003,641/2287780
Latvia,2004,582/2257647
Latvia,2005,536/2227559
Latvia,2006,1144/2197359
Latvia,2007,1216/2167157
Latvia,2008,918/2138258
Latvia,2009,830/2112337
Latvia,2010,825/2090519
Latvia,2011,788/2073385
Latvia,2012,880/2060428
Latvia,2013,872/2050317
Lebanon,1995,197/3033406
Lebanon,1996,198/3070984
Lebanon,1997,204/3092718
Lebanon,1998,206/3114014
Lebanon,1999,249/3156706
Lebanon,2000,202/3235380
Lebanon,2001,170/3357600
Lebanon,2002,148/3515604
Lebanon,2003,134/3690110
Lebanon,2004,146/3853582
Lebanon,2005,131/3986865
Lebanon,2006,384/4079823
Lebanon,2007,473/4139813
Lebanon,2008,512/4186088
Lebanon,2009,491/4246924
Lebanon,2010,503/4341092
Lebanon,2011,498/4478105
Lebanon,2012,621/4647079
Lebanon,2013,681/4821971
Lesotho,1995,1361/1753824
Lesotho,1996,1788/1779197
Lesotho,1997,2398/1801679
Lesotho,1998,2476/1821609
Lesotho,2000,2729/1856225
Lesotho,2002,3103/1885487
Lesotho,2003,3754/1898757
Lesotho,2004,4272/1912022
Lesotho,2005,4280/1925844
Lesotho,2006,4024/1940413
Lesotho,2007,788/1955784
Lesotho,2008,3862/1972199
Lesotho,2009,11545/1989873
Lesotho,2010,11153/2008921
Lesotho,2011,10945/2029516
Lesotho,2012,10317/2051545
Lesotho,2013,8916/2074465
Liberia,1996,668/2197801
Liberia,1998,1190/2558085
Liberia,2000,1021/2891968
Liberia,2001,934/2998770
Liberia,2002,1964/3070673
Liberia,2003,1319/3124222
Liberia,2004,2490/3184643
Liberia,2005,2167/3269786
Liberia,2006,4298/3384791
Liberia,2008,3042/3672714
Liberia,2009,4312/3821440
Liberia,2010,6498/3957990
Liberia,2011,7705/4079697
Liberia,2012,8037/4190435
Liberia,2013,3835/4294077
Libya,1995,626/4747619
Libya,1996,515/4837354
Libya,1999,795/5092939
Libya,2000,698/5176185
Libya,2003,764/5422612
Libya,2004,872/5507000
Libya,2005,860/5594450
Libya,2006,1549/5686475
Libya,2007,1848/5782108
Libya,2008,2010/5876805
Libya,2009,2087/5964325
Libya,2011,1498/6103233
Libya,2012,1549/6154623
Libya,2013,1344/6201521
Lithuania,1995,949/3628079
Lithuania,1996,1131/3606012
Lithuania,1997,1200/3583272
Lithuania,1998,787/3558827
Lithuania,1999,685/3530932
Lithuania,2000,776/3498446
Lithuania,2001,935/3461616
Lithuania,2002,821/3421430
Lithuania,2003,897/3378410
Lithuania,2004,856/3333259
Lithuania,2005,958/3286782
Lithuania,2006,2099/3238819
Lithuania,2007,1982/3190088
Lithuania,2008,1892/3143310
Lithuania,2009,1677/3101973
Lithuania,2010,1573/3068457
Lithuania,2011,1532/3043980
Lithuania,2012,1430/3027621
Lithuania,2013,1573/3016933
Luxembourg,1996,29/414004
Luxembourg,1997,31/419979
Luxembourg,1998,30/425834
Luxembourg,2001,12/440137
Luxembourg,2002,17/443524
Luxembourg,2003,28/446996
Luxembourg,2004,20/451548
Luxembourg,2005,13/457847
Luxembourg,2006,33/466209
Luxembourg,2007,43/476294
Luxembourg,2008,0/487310
Luxembourg,2009,0/498116
Luxembourg,2010,24/507885
Luxembourg,2011,0/516348
Luxembourg,2012,0/523744
Luxembourg,2013,38/530380
Madagascar,1995,8026/13452526
Madagascar,1996,8352/13882646
Madagascar,1998,9235/14790245
Madagascar,2001,11092/16235767
Madagascar,2002,10940/16736029
Madagascar,2003,13073/17245275
Madagascar,2004,9918/17763367
Madagascar,2005,11771/18290394
Madagascar,2006,15613/18826126
Madagascar,2007,20638/19371023
Madagascar,2008,16795/19926785
Madagascar,2009,21335/20495695
Madagascar,2010,22304/21079532
Madagascar,2011,17856/21678934
Madagascar,2012,17129/22293914
Malawi,1995,6284/9964065
Malawi,1996,7175/10153315
Malawi,1997,7587/10404259
Malawi,1998,8853/10700180
Malawi,1999,8130/11012707
Malawi,2000,8265/11321496
Malawi,2001,8309/11623166
Malawi,2003,7716/12238739
Malawi,2004,8566/12569091
Malawi,2005,8443/12924746
Malawi,2006,8166/13307535
Malawi,2007,7608/13713758
Malawi,2008,7681/14138207
Malawi,2009,7623/14573338
Malawi,2010,7240/15013694
Malawi,2011,7003/15457531
Malawi,2012,6951/15906483
Malawi,2013,16795/16362567
Malaysia,1995,6688/20725374
Malaysia,1996,7269/21259831
Malaysia,1997,7337/21805835
Malaysia,1998,7802/22355057
Malaysia,1999,8207/22896048
Malaysia,2000,8156/23420751
Malaysia,2001,8309/23925742
Malaysia,2002,7958/24413795
Malaysia,2003,15292/24890654
Malaysia,2004,15394/25365089
Malaysia,2005,16066/25843466
Malaysia,2006,7524/26327098
Malaysia,2007,15596/26813819
Malaysia,2008,17504/27302348
Malaysia,2010,18018/28275835
Malaysia,2011,19251/28758968
Malaysia,2012,21249/29239927
Malaysia,2013,23335/29716965
Maldives,1995,114/244965
Maldives,1996,106/250659
Maldives,1997,94/256347
Maldives,1998,88/261973
Maldives,1999,88/267456
Maldives,2000,65/272745
Maldives,2001,59/277825
Maldives,2002,60/282743
Maldives,2003,68/287594
Maldives,2004,66/292505
Maldives,2005,66/297576
Maldives,2006,95/302825
Maldives,2007,126/308239
Maldives,2008,118/313843
Maldives,2009,99/319660
Maldives,2010,96/325694
Maldives,2011,87/331964
Maldives,2012,110/338442
Maldives,2013,114/345023
Mali,1995,1866/8988853
Mali,1996,2173/9222157
Mali,1997,2899/9462256
Mali,1998,2560/9712365
Mali,1999,2690/9977308
Mali,2000,2527/10260577
Mali,2002,2757/10882662
Mali,2003,3015/11219737
Mali,2004,3069/11572936
Mali,2005,3523/11941258
Mali,2006,4768/12325545
Mali,2007,4953/12725629
Mali,2008,4833/13138299
Mali,2009,5163/13559296
Mali,2010,3686/13985961
Mali,2011,3777/14416737
Mali,2012,3726/14853572
Mali,2013,3818/15301650
Malta,1995,5/395615
Malta,1996,5/398698
Malta,1997,3/401373
Malta,1998,6/403688
Malta,1999,9/405716
Malta,2000,4/407529
Malta,2001,3/409116
Malta,2002,5/410493
Malta,2003,2/411790
Malta,2004,2/413170
Malta,2005,5/414747
Malta,2006,30/416584
Malta,2007,37/418640
Malta,2008,46/420796
Malta,2009,41/422872
Malta,2010,20/424738
Malta,2011,22/426356
Malta,2012,41/427764
Malta,2013,50/429004
Marshall Islands,1996,61/51397
Marshall Islands,1998,11/51922
Marshall Islands,1999,54/52076
Marshall Islands,2000,45/52161
Marshall Islands,2001,56/52184
Marshall Islands,2002,18/52161
Marshall Islands,2003,60/52115
Marshall Islands,2004,39/52074
Marshall Islands,2005,48/52058
Marshall Islands,2006,45/52084
Marshall Islands,2007,25/52150
Marshall Islands,2008,25/52245
Marshall Islands,2009,133/52341
Marshall Islands,2010,188/52428
Marshall Islands,2011,131/52495
Marshall Islands,2012,136/52555
Marshall Islands,2013,146/52634
Mauritania,1997,3788/2475726
Mauritania,1999,1909/2627739
Mauritania,2004,1662/3055425
Mauritania,2006,1486/3237713
Mauritania,2007,2811/3330037
Mauritania,2008,1605/3422901
Mauritania,2009,1555/3516077
Mauritania,2010,1422/3609420
Mauritania,2011,1026/3702763
Mauritania,2012,2110/3796141
Mauritania,2013,2364/3889880
Mauritius,1995,146/1128676
Mauritius,1998,122/1166070
Mauritius,1999,119/1176227
Mauritius,2000,115/1185143
Mauritius,2002,86/1198972
Mauritius,2003,99/1204161
Mauritius,2004,117/1208653
Mauritius,2005,110/1212752
Mauritius,2006,111/1216518
Mauritius,2007,102/1219976
Mauritius,2008,104/1223336
Mauritius,2009,111/1226841
Mauritius,2010,116/1230659
Mauritius,2011,111/1234910
Mauritius,2012,126/1239557
Mauritius,2013,130/1244403
Mexico,1996,8495/97201533
Mexico,1998,11473/100678867
Mexico,1999,10747/102316781
Mexico,2000,11676/103873607
Mexico,2001,15103/105339877
Mexico,2002,11555/106723661
Mexico,2003,12933/108056312
Mexico,2004,11214/109381550
Mexico,2005,11997/110731826
Mexico,2006,17093/112116694
Mexico,2007,17613/113529819
Mexico,2008,16140/114968039
Mexico,2009,16013/116422752
Mexico,2010,18848/117886404
Mexico,2011,18986/119361233
Mexico,2012,19558/120847477
Mexico,2013,20708/122332399
Micronesia (Federated States of),1995,7/107556
Micronesia (Federated States of),1996,10/108342
Micronesia (Federated States of),1997,11/108506
Micronesia (Federated States of),1998,28/108236
Micronesia (Federated States of),2000,15/107430
Micronesia (Federated States of),2001,8/107170
Micronesia (Federated States of),2002,20/106983
Micronesia (Federated States of),2003,27/106816
Micronesia (Federated States of),2004,26/106575
Micronesia (Federated States of),2006,154/105686
Micronesia (Federated States of),2007,80/105097
Micronesia (Federated States of),2008,123/104498
Micronesia (Federated States of),2009,169/103983
Micronesia (Federated States of),2010,157/103619
Micronesia (Federated States of),2011,143/103424
Micronesia (Federated States of),2012,141/103395
Monaco,1999,2/31795
Monaco,2010,1/36845
Mongolia,1995,622/2298063
Mongolia,1996,769/2316598
Mongolia,1997,1171/2335723
Mongolia,1998,1356/2355618
Mongolia,1999,1513/2376197
Mongolia,2000,1389/2397473
Mongolia,2001,1632/2419669
Mongolia,2002,1670/2443231
Mongolia,2003,1541/2468595
Mongolia,2004,1808/2496248
Mongolia,2005,1868/2526502
Mongolia,2006,2129/2559496
Mongolia,2007,1856/2595068
Mongolia,2008,1838/2632834
Mongolia,2009,1809/2672223
Mongolia,2010,4213/2712738
Mongolia,2011,3985/2754209
Mongolia,2012,3944/2796484
Mongolia,2013,4331/2839073
Montenegro,2005,64/615820
Montenegro,2006,149/616854
Montenegro,2007,136/617800
Montenegro,2008,123/618649
Montenegro,2009,108/619408
Montenegro,2010,102/620078
Montenegro,2011,100/620644
Montenegro,2012,94/621081
Montenegro,2013,119/621383
Montserrat,2003,2/4474
Montserrat,2004,0/4645
Montserrat,2005,1/4777
Montserrat,2007,1/4884
Montserrat,2010,0/4953
Montserrat,2011,0/5000
Montserrat,2012,0/5046
Morocco,1995,14171/26833093
Morocco,1996,14278/27237150
Morocco,1997,14134/27632321
Morocco,1998,13426/28013585
Morocco,1999,13420/28374203
Morocco,2000,12872/28710123
Morocco,2001,12804/29021156
Morocco,2002,12914/29311443
Morocco,2003,12842/29586937
Morocco,2004,12280/29855820
Morocco,2005,12757/30125445
Morocco,2006,26099/30395097
Morocco,2007,25562/30667086
Morocco,2008,25473/30955151
Morocco,2009,26059/31276564
Morocco,2010,27143/31642360
Morocco,2011,27425/32059424
Morocco,2012,27437/32521143
Morocco,2013,27566/33008150
Mozambique,1995,10566/15981571
Mozambique,1996,10478/16463426
Mozambique,1997,11125/16914628
Myanmar,1995,8529/45329862
Myanmar,1996,9716/45991828
Myanmar,1997,9014/46664455
Myanmar,1998,10089/47321204
Myanmar,1999,11458/47925630
Myanmar,2000,17254/48453000
Myanmar,2001,20686/48894203
Myanmar,2002,24162/49261313
Myanmar,2003,27448/49577152
Myanmar,2004,31408/49875169
Myanmar,2005,36541/50181020
Myanmar,2006,40241/50500070
Myanmar,2007,42588/50828959
Myanmar,2008,41248/51174018
Myanmar,2009,41401/51540490
Myanmar,2010,42318/51931231
Myanmar,2011,42314/52350763
Myanmar,2012,42909/52797319
Namibia,1995,697/1654214
Namibia,1996,2825/1705309
Namibia,1997,3225/1757969
Namibia,1998,3598/1809719
Namibia,1999,3760/1857149
Namibia,2000,4013/1897953
Namibia,2001,4535/1931282
Namibia,2002,4689/1958303
Namibia,2003,5487/1981237
Namibia,2004,5155/2003320
Namibia,2005,5222/2027026
Namibia,2006,5356/2052931
Namibia,2007,5091/2080700
Namibia,2008,4928/2110791
Namibia,2009,4608/2143498
Namibia,2010,4464/2178967
Namibia,2011,4503/2217618
Namibia,2012,9890/2259393
Namibia,2013,9432/2303315
Nauru,1999,6/10044
Nauru,2000,3/10042
Nauru,2001,2/10053
Nauru,2002,2/10072
Nauru,2003,1/10096
Nauru,2006,12/10104
Nauru,2007,3/10083
Nauru,2008,4/10058
Nauru,2009,3/10037
Nauru,2010,3/10025
Nauru,2011,5/10024
Nepal,1996,9092/21115271
Nepal,1998,10972/22175431
Nepal,1999,13410/22690158
Nepal,2000,13683/23184177
Nepal,2001,13664/23655119
Nepal,2002,13714/24102862
Nepal,2003,14348/24525527
Nepal,2004,14614/24921910
Nepal,2005,14617/25292058
Nepal,2006,14028/25634043
Nepal,2007,14355/25950022
Nepal,2008,11053/26249412
Nepal,2009,15442/26544943
Nepal,2010,15569/26846016
Nepal,2011,15000/27156367
Nepal,2012,15057/27474377
Nepal,2013,15099/27797457
Netherlands Antilles,1996,4/192128
Netherlands Antilles,1997,13/188609
Netherlands Antilles,1998,7/184455
Netherlands Antilles,1999,4/180623
Netherlands Antilles,2000,5/177838
Netherlands Antilles,2001,8/176280
Netherlands Antilles,2002,14/175823
Netherlands Antilles,2003,9/176517
Netherlands Antilles,2004,11/178328
Netherlands Antilles,2006,5/185182
Netherlands,1995,510/15420000
Netherlands,1996,358/15514794
Netherlands,1997,312/15603344
Netherlands,1998,254/15688091
Netherlands,1999,308/15772758
Netherlands,2000,289/15859863
Netherlands,2001,303/15950214
Netherlands,2002,296/16042368
Netherlands,2003,248/16133907
Netherlands,2004,304/16221364
Netherlands,2005,208/16302242
Netherlands,2006,985/16375813
Netherlands,2007,916/16442848
Netherlands,2008,948/16504193
Netherlands,2009,1089/16561282
Netherlands,2010,1007/16615243
Netherlands,2011,955/16666206
Netherlands,2012,907/16714018
Netherlands,2013,831/16759229
New Caledonia,1995,30/189220
New Caledonia,1996,33/193493
New Caledonia,1999,27/205997
New Caledonia,2000,38/210010
New Caledonia,2001,35/213919
New Caledonia,2002,21/217720
New Caledonia,2003,15/221432
New Caledonia,2004,15/225088
New Caledonia,2005,16/228714
New Caledonia,2006,41/232317
New Caledonia,2007,43/235889
New Caledonia,2008,37/239429
New Caledonia,2009,54/242926
New Caledonia,2010,49/246379
New Caledonia,2011,50/249786
New Caledonia,2012,27/253155
New Zealand,1995,47/3675060
New Zealand,1996,85/3717342
New Zealand,1997,56/3752131
New Zealand,1998,81/3783470
New Zealand,1999,69/3817367
New Zealand,2000,74/3858032
New Zealand,2001,73/3906817
New Zealand,2002,88/3961937
New Zealand,2003,106/4020706
New Zealand,2004,110/4079075
New Zealand,2005,83/4134117
New Zealand,2006,300/4185020
New Zealand,2007,264/4232734
New Zealand,2008,284/4278186
New Zealand,2009,282/4322941
New Zealand,2010,288/4368136
New Zealand,2011,290/4413923
New Zealand,2012,278/4459852
New Zealand,2013,272/4505761
Nicaragua,1995,1568/4659458
Nicaragua,1996,1722/4756631
Nicaragua,1997,1670/4849272
Nicaragua,1998,1648/4937320
Nicaragua,1999,1564/5021079
Nicaragua,2000,1471/5100920
Nicaragua,2001,1510/5176685
Nicaragua,2002,1320/5248577
Nicaragua,2003,1404/5317878
Nicaragua,2004,1327/5386299
Nicaragua,2005,1246/5455219
Nicaragua,2006,1285/5524927
Nicaragua,2007,1690/5595533
Nicaragua,2008,1577/5667983
Nicaragua,2009,2554/5743329
Nicaragua,2010,1440/5822209
Nicaragua,2011,1552/5905146
Nicaragua,2012,0/5991733
Nicaragua,2013,1540/6080478
Niger,1997,1273/9849621
Niger,1998,2125/10215806
Niger,2000,2146/10989815
Niger,2003,4504/12254040
Niger,2005,5050/13183798
Niger,2006,5279/13679705
Niger,2007,5773/14197289
Niger,2008,5853/14737895
Niger,2009,6347/15302948
Niger,2010,6283/15893746
Niger,2011,6607/16511462
Niger,2012,6848/17157042
Niger,2013,7182/17831270
Nigeria,1995,9476/108424827
Nigeria,1996,15664/111166210
Nigeria,1997,11235/113979481
Nigeria,1998,13161/116867371
Nigeria,2000,17418/122876727
Nigeria,2001,18097/126004992
Nigeria,2002,19596/129224641
Nigeria,2003,28173/132550146
Nigeria,2004,33755/135999250
Nigeria,2005,35048/139585891
Nigeria,2006,39903/143314909
Nigeria,2007,44016/147187353
Nigeria,2008,46026/151208080
Nigeria,2009,44863/155381020
Nigeria,2010,45416/159707780
Nigeria,2011,47437/164192925
Nigeria,2012,52901/168833776
Nigeria,2013,100401/173615345
Niue,1999,1/1952
Niue,2002,1/1809
Niue,2004,0/1728
Niue,2005,0/1686
Niue,2006,0/1643
Niue,2007,0/1600
Niue,2008,0/1555
Niue,2011,1/1426
Niue,2012,0/1384
Northern Mariana Islands,1995,40/57518
Northern Mariana Islands,1996,26/60248
Northern Mariana Islands,1998,26/65374
Northern Mariana Islands,2000,75/68434
Northern Mariana Islands,2001,19/68817
Northern Mariana Islands,2002,53/68499
Northern Mariana Islands,2003,16/67562
Northern Mariana Islands,2004,14/66143
Northern Mariana Islands,2005,15/64372
Northern Mariana Islands,2006,51/62235
Northern Mariana Islands,2007,46/59792
Northern Mariana Islands,2008,28/57345
Northern Mariana Islands,2009,38/55278
Northern Mariana Islands,2010,32/53860
Northern Mariana Islands,2011,33/53230
Northern Mariana Islands,2012,36/53305
Northern Mariana Islands,2013,33/53855
Norway,1995,62/4359788
Norway,1996,103/4385951
Norway,1997,100/4412958
Norway,1998,49/4440109
Norway,1999,21/4466468
Norway,2000,37/4491572
Norway,2001,59/4514723
Norway,2002,31/4536647
Norway,2003,38/4560013
Norway,2004,46/4588444
Norway,2005,47/4624388
Norway,2006,276/4668989
Norway,2007,282/4721080
Norway,2008,252/4777943
Norway,2009,275/4835629
Norway,2010,276/4891251
Norway,2011,310/4943754
Norway,2012,329/4993875
Norway,2013,362/5042671
Oman,1995,107/2154600
Oman,1996,108/2175998
Oman,1997,120/2177723
Oman,1998,109/2171135
Oman,1999,120/2172287
Oman,2000,114/2192535
Oman,2001,109/2239025
Oman,2002,240/2308409
Oman,2003,250/2389121
Oman,2004,117/2464001
Oman,2005,131/2522325
Oman,2006,442/2554905
Oman,2007,322/2569739
Oman,2008,348/2593523
Oman,2009,327/2663224
Oman,2010,304/2802768
Oman,2011,334/3024774
Oman,2012,375/3314001
Oman,2013,330/3632444
Pakistan,1995,2578/126689577
Pakistan,1998,4145/137139290
Pakistan,1999,2272/140580398
Pakistan,2000,3444/143832014
Pakistan,2001,7988/146857081
Pakistan,2002,15488/149693684
Pakistan,2003,21293/152419974
Pakistan,2004,31447/155151394
Pakistan,2005,48312/157971415
Pakistan,2006,65308/160905794
Pakistan,2007,88747/163928329
Pakistan,2008,100037/167008083
Pakistan,2009,101674/170093999
Pakistan,2010,124455/173149306
Pakistan,2011,127571/176166353
Pakistan,2012,132757/179160111
Pakistan,2013,28113/182142594
Palau,1995,9/17255
Palau,1996,4/17695
Palau,1997,7/18123
Palau,1999,20/18878
Palau,2002,11/19575
Palau,2003,9/19700
Palau,2004,5/19805
Palau,2005,3/19907
Palau,2006,12/20012
Palau,2007,11/20118
Palau,2009,16/20344
Palau,2010,20/20470
Palau,2011,11/20606
Palau,2012,4/20754
Palau,2013,8/20918
Panama,1995,1288/2757004
Panama,1996,845/2814525
Panama,1997,862/2873288
Panama,1998,88/2933100
Panama,1999,1177/2993685
Panama,2000,441/3054812
Panama,2001,657/3116409
Panama,2002,768/3178450
Panama,2003,780/3240805
Panama,2004,884/3303335
Panama,2005,860/3365929
Panama,2006,1830/3428509
Panama,2007,1541/3491034
Panama,2008,1540/3553480
Panama,2009,1491/3615846
Panama,2010,1464/3678128
Panama,2011,1535/3740282
Panama,2012,1460/3802281
Panama,2013,1424/3864170
Papua New Guinea,1996,205/4841020
Papua New Guinea,1997,49/4970823
Papua New Guinea,1998,416/5104516
Papua New Guinea,1999,151/5240941
Papua New Guinea,2000,403/5379226
Papua New Guinea,2001,462/5518971
Papua New Guinea,2002,926/5660267
Papua New Guinea,2003,1067/5803302
Papua New Guinea,2004,999/5948461
Papua New Guinea,2005,1346/6095959
Papua New Guinea,2006,1456/6245797
Papua New Guinea,2007,1071/6397623
Papua New Guinea,2008,1655/6550877
Papua New Guinea,2010,2039/6858945
Papua New Guinea,2011,1896/7012977
Papua New Guinea,2012,2782/7167010
Paraguay,1995,736/4801834
Paraguay,1996,877/4911701
Paraguay,1997,878/5021271
Paraguay,1998,848/5130723
Paraguay,1999,1035/5240321
Paraguay,2000,898/5350253
Paraguay,2001,912/5460621
Paraguay,2002,1002/5571371
Paraguay,2003,1166/5682350
Paraguay,2004,1200/5793330
Paraguay,2005,1254/5904170
Paraguay,2006,2359/6014781
Paraguay,2007,2170/6125285
Paraguay,2008,2133/6236005
Paraguay,2009,2189/6347383
Paraguay,2010,2056/6459721
Paraguay,2011,2116/6573097
Paraguay,2012,2094/6687361
Paraguay,2013,2243/6802295
Peru,1995,6259/23939261
Peru,1996,5692/24365985
Peru,1997,27498/24789855
Peru,1998,27707/25206817
Peru,1999,24511/25611482
Peru,2000,22580/26000080
Peru,2001,21685/26372358
Peru,2002,4286/26729909
Peru,2003,3946/27073334
Peru,2004,18289/27403845
Peru,2005,18490/27723281
Peru,2006,19251/28030688
Peru,2007,17796/28328410
Peru,2008,17407/28625628
Peru,2013,27504/30375603
Philippines,1995,410/69606539
Philippines,1996,318/71184718
Philippines,1997,1952/72780928
Philippines,1998,1889/74393147
Philippines,2003,69988/82604681
Philippines,2004,76505/84231329
Philippines,2005,81647/85821214
Philippines,2006,85740/87366573
Philippines,2007,86566/88875548
Philippines,2008,85025/90371287
Philippines,2009,88806/91886400
Philippines,2010,89198/93444322
Philippines,2011,93580/95053437
Philippines,2012,93983/96706764
Philippines,2013,97221/98393574
Poland,1995,3679/38479899
Poland,1996,6819/38480234
Poland,1997,3486/38461279
Poland,1998,3502/38428791
Poland,1999,3177/38390217
Poland,2000,3934/38351437
Poland,2001,3155/38314744
Poland,2002,3060/38280547
Poland,2003,2981/38250426
Poland,2004,2773/38225455
Poland,2005,2823/38206337
Poland,2006,7627/38194163
Poland,2007,7569/38189136
Poland,2008,7061/38189735
Poland,2009,7268/38193591
Poland,2010,6610/38198754
Poland,2011,7515/38204598
Poland,2012,6665/38210924
Poland,2013,7043/38216635
Portugal,1995,2019/10097055
Portugal,1996,1938/10140627
Portugal,1997,1628/10182158
Portugal,1998,2016/10222540
Portugal,1999,1801/10263532
Portugal,2000,1857/10306192
Portugal,2001,1812/10350660
Portugal,2002,1960/10395630
Portugal,2003,1713/10439031
Portugal,2004,1491/10478122
Portugal,2005,1296/10510967
Portugal,2006,3063/10536701
Portugal,2007,2816/10555902
Portugal,2008,2637/10569881
Portugal,2009,2601/10580673
Portugal,2010,2491/10589792
Portugal,2011,2391/10597629
Portugal,2012,2392/10603804
Portugal,2013,2335/10608156
Puerto Rico,1995,116/3689649
Puerto Rico,1996,109/3719446
Puerto Rico,1997,125/3746634
Puerto Rico,1998,106/3769718
Puerto Rico,1999,106/3786884
Puerto Rico,2000,81/3796981
Puerto Rico,2001,74/3799358
Puerto Rico,2002,78/3794728
Puerto Rico,2003,62/3785058
Puerto Rico,2004,65/3773147
Puerto Rico,2005,60/3761143
Puerto Rico,2006,112/3749763
Puerto Rico,2007,98/3738829
Puerto Rico,2008,95/3728531
Puerto Rico,2009,63/3718812
Puerto Rico,2010,76/3709671
Puerto Rico,2011,50/3701373
Puerto Rico,2012,68/3694237
Puerto Rico,2013,50/3688318
Qatar,1995,60/501154
Qatar,1996,43/512476
Qatar,1997,39/529491
Qatar,1998,68/550367
Qatar,1999,58/572155
Qatar,2000,53/593693
Qatar,2001,17/611808
Qatar,2002,64/629745
Qatar,2003,95/660238
Qatar,2004,73/720383
Qatar,2005,96/821159
Qatar,2006,339/967602
Qatar,2007,319/1152459
Qatar,2008,565/1359114
Qatar,2009,619/1564082
Qatar,2010,580/1749713
Qatar,2011,554/1910902
Qatar,2012,519/2050514
Republic of Korea,1995,11754/44652994
Republic of Korea,1996,11420/44940974
Republic of Korea,1997,9957/45220543
Republic of Korea,1998,10359/45489131
Republic of Korea,1999,9559/45742103
Republic of Korea,2000,8216/45977210
Republic of Korea,2001,11805/46192932
Republic of Korea,2002,11345/46393993
Republic of Korea,2003,10976/46591762
Republic of Korea,2004,11471/46801310
Republic of Korea,2005,11638/47033082
Republic of Korea,2006,35361/47291491
Republic of Korea,2007,34710/47572585
Republic of Korea,2008,34153/47867970
Republic of Korea,2009,35842/48164969
Republic of Korea,2010,39051/48453931
Republic of Korea,2011,39557/48732640
Republic of Korea,2012,39513/49002683
Republic of Korea,2013,41573/49262698
Republic of Moldova,1995,665/4339081
Republic of Moldova,1996,219/4308050
Republic of Moldova,1997,397/4268774
Republic of Moldova,1998,477/4221726
Republic of Moldova,1999,609/4167552
Republic of Moldova,2000,290/4107184
Republic of Moldova,2001,1060/4040579
Republic of Moldova,2002,1146/3969040
Republic of Moldova,2003,1214/3896494
Republic of Moldova,2004,1536/3827963
Republic of Moldova,2005,1696/3767077
Republic of Moldova,2006,1679/3715541
Republic of Moldova,2007,4166/3672638
Republic of Moldova,2008,3951/3636510
Republic of Moldova,2009,3804/3604078
Republic of Moldova,2010,3745/3573024
Republic of Moldova,2011,3836/3542928
Republic of Moldova,2012,3804/3514381
Republic of Moldova,2013,4485/3487204
Romania,1995,18211/22963512
Romania,1996,11531/22841943
Romania,1997,11665/22717415
Romania,1998,10821/22596183
Romania,1999,10304/22484940
Romania,2000,10191/22388354
Romania,2001,11176/22310092
Romania,2002,10693/22249564
Romania,2003,10407/22201592
Romania,2004,10878/22158163
Romania,2005,10795/22113264
Romania,2006,20732/22065409
Romania,2007,19253/22015937
Romania,2008,18774/21964962
Romania,2009,17773/21913311
Romania,2010,15940/21861476
Romania,2011,14538/21808931
Romania,2012,13888/21754741
Romania,2013,15523/21698585
Russian Federation,1996,283/148375246
Russian Federation,1997,660/148079919
Russian Federation,1998,683/147715550
Russian Federation,1999,21744/147275875
Russian Federation,2000,2329/146762881
Russian Federation,2001,26606/146170247
Russian Federation,2002,27818/145520813
Russian Federation,2003,28802/144879644
Russian Federation,2004,30890/144331352
Russian Federation,2006,32335/143715023
Russian Federation,2007,120912/143652377
Russian Federation,2008,120835/143677033
Russian Federation,2009,117227/143689741
Russian Federation,2010,102823/143617913
Russian Federation,2011,104320/143438152
Russian Federation,2012,97542/143169653
Russian Federation,2013,90427/142833689
Rwanda,1996,2014/5929575
Rwanda,1997,2852/6470628
Rwanda,1999,2378/7853015
Rwanda,2000,4455/8395577
Rwanda,2002,919/8987523
Rwanda,2003,2724/9126167
Rwanda,2004,4041/9254379
Rwanda,2005,3971/9429457
Rwanda,2006,4220/9660946
Rwanda,2007,4053/9928143
Rwanda,2008,4173/10222961
Rwanda,2009,4184/10529668
Rwanda,2010,3785/10836732
Rwanda,2011,3811/11144315
Rwanda,2012,3571/11457801
Rwanda,2013,5702/11776522
Saint Kitts and Nevis,1996,2/43391
Saint Kitts and Nevis,1998,3/44391
Saint Kitts and Nevis,2001,2/46214
Saint Kitts and Nevis,2002,1/46934
Saint Kitts and Nevis,2006,1/49823
Saint Kitts and Nevis,2007,4/50478
Saint Kitts and Nevis,2008,5/51110
Saint Kitts and Nevis,2009,4/51731
Saint Kitts and Nevis,2010,2/52352
Saint Kitts and Nevis,2011,1/52971
Saint Kitts and Nevis,2012,2/53584
Saint Kitts and Nevis,2013,0/54191
Saint Lucia,1997,11/150994
Saint Lucia,1998,12/153066
Saint Lucia,1999,9/155073
Saint Lucia,2000,7/156949
Saint Lucia,2001,6/158650
Saint Lucia,2002,8/160217
Saint Lucia,2003,15/161766
Saint Lucia,2004,15/163460
Saint Lucia,2005,11/165407
Saint Lucia,2006,15/167658
Saint Lucia,2007,17/170149
Saint Lucia,2008,21/172734
Saint Lucia,2009,9/175200
Saint Lucia,2010,9/177397
Saint Lucia,2011,7/179271
Saint Lucia,2012,11/180870
Saint Lucia,2013,9/182273
Saint Vincent and the Grenadines,1998,3/107923
Saint Vincent and the Grenadines,2000,9/107897
Saint Vincent and the Grenadines,2001,3/107989
Saint Vincent and the Grenadines,2002,8/108150
Saint Vincent and the Grenadines,2003,6/108353
Saint Vincent and the Grenadines,2005,7/108749
Saint Vincent and the Grenadines,2006,8/108908
Saint Vincent and the Grenadines,2007,9/109045
Saint Vincent and the Grenadines,2008,0/109158
Saint Vincent and the Grenadines,2009,9/109249
Saint Vincent and the Grenadines,2010,15/109316
Saint Vincent and the Grenadines,2011,17/109357
Saint Vincent and the Grenadines,2012,30/109373
Saint Vincent and the Grenadines,2013,3/109373
Samoa,1995,15/170158
Samoa,1996,10/171276
Samoa,1997,14/172191
Samoa,1998,7/172979
Samoa,1999,17/173758
Samoa,2000,13/174614
Samoa,2001,14/175567
Samoa,2002,18/176592
Samoa,2003,12/177677
Samoa,2005,11/179928
Samoa,2006,21/181073
Samoa,2008,13/183444
Samoa,2009,1366/184704
Samoa,2010,14/186029
Samoa,2011,18/187429
Samoa,2012,22/188889
Samoa,2013,22/190372
San Marino,1997,1/26114
San Marino,2000,1/26969
San Marino,2003,0/28700
San Marino,2004,0/29290
Sao Tome and Principe,2000,97/139428
Sao Tome and Principe,2001,97/141783
Sao Tome and Principe,2002,42/144447
Sao Tome and Principe,2003,35/147455
Sao Tome and Principe,2004,50/150842
Sao Tome and Principe,2005,49/154615
Sao Tome and Principe,2006,153/158806
Sao Tome and Principe,2007,87/163390
Sao Tome and Principe,2008,63/168253
Sao Tome and Principe,2009,76/173240
Sao Tome and Principe,2010,120/178228
Sao Tome and Principe,2011,130/183177
Sao Tome and Principe,2012,112/188098
Sao Tome and Principe,2013,147/192993
Saudi Arabia,1998,797/19282965
Saudi Arabia,1999,1860/19620692
Saudi Arabia,2000,1595/20144584
Saudi Arabia,2001,1402/20891594
Saudi Arabia,2002,1674/21825217
Saudi Arabia,2003,1646/22852333
Saudi Arabia,2004,1692/23839231
Saudi Arabia,2005,1722/24690067
Saudi Arabia,2006,3673/25371936
Saudi Arabia,2007,3863/25915624
Saudi Arabia,2008,3919/26366358
Saudi Arabia,2009,3949/26796375
Saudi Arabia,2010,4294/27258387
Saudi Arabia,2011,3868/27761728
Saudi Arabia,2012,3599/28287855
Saudi Arabia,2013,3435/28828870
Senegal,1995,5421/8711528
Senegal,1996,5949/8940298
Senegal,1997,5430/9164050
Senegal,1998,5454/9387783
Senegal,1999,5011/9618564
Senegal,2000,5823/9861679
Senegal,2001,6094/10119118
Senegal,2002,5796/10390050
Senegal,2003,6587/10673535
Senegal,2004,6437/10967568
Senegal,2005,6722/11270826
Senegal,2006,6882/11582925
Senegal,2007,7108/11904974
Senegal,2008,7584/12238791
Senegal,2009,7883/12586827
Senegal,2010,7686/12950564
Senegal,2011,7633/13330737
Senegal,2012,8448/13726021
Serbia & Montenegro,1995,2625/10989446
Serbia & Montenegro,1996,3626/11028631
Serbia & Montenegro,1997,3741/11025594
Serbia & Montenegro,2001,421/10826817
Serbia & Montenegro,2002,402/10766194
Serbia & Montenegro,2003,657/10703165
Serbia & Montenegro,2004,1230/10638276
Serbia,2005,1105/9956359
Serbia,2006,2148/9889237
Serbia,2007,1774/9823743
Serbia,2008,1865/9760977
Serbia,2009,1740/9701912
Serbia,2010,1610/9647109
Serbia,2011,1427/9597413
Serbia,2012,1332/9552553
Serbia,2013,1161/9510506
Seychelles,1995,9/75433
Seychelles,1996,9/76391
Seychelles,1997,11/77173
Seychelles,1998,10/77891
Seychelles,2000,11/79774
Seychelles,2001,14/81093
Seychelles,2002,9/82611
Seychelles,2003,4/84218
Seychelles,2004,13/85751
Seychelles,2005,8/87094
Seychelles,2008,6/89902
Seychelles,2009,15/90577
Seychelles,2010,17/91208
Seychelles,2011,31/91799
Seychelles,2012,19/92339
Seychelles,2013,24/92838
Sierra Leone,1995,1454/3927105
Sierra Leone,1996,2234/3919708
Sierra Leone,1997,2296/3928313
Sierra Leone,1998,2262/3961869
Sierra Leone,2000,2472/4139757
Sierra Leone,2001,2692/4295667
Sierra Leone,2002,2938/4493047
Sierra Leone,2003,3113/4712763
Sierra Leone,2004,3735/4928175
Sierra Leone,2005,4370/5119895
Sierra Leone,2006,4629/5280909
Sierra Leone,2007,9250/5416015
Sierra Leone,2008,5726/5532139
Sierra Leone,2009,6092/5641182
Sierra Leone,2010,6898/5751976
Sierra Leone,2011,7435/5865491
Sierra Leone,2012,9691/5978727
Sierra Leone,2013,7390/6092075
Singapore,1995,455/3482640
Singapore,1997,432/3653156
Singapore,1998,480/3735537
Singapore,1999,453/3822625
Singapore,2000,248/3918189
Singapore,2001,357/4023284
Singapore,2002,549/4136239
Singapore,2003,583/4254766
Singapore,2004,501/4375413
Singapore,2005,552/4495537
Singapore,2006,1246/4614310
Singapore,2007,1249/4732065
Singapore,2008,1437/4848676
Singapore,2009,1442/4964312
Singapore,2010,1478/5078969
Singapore,2011,1533/5192183
Singapore,2012,2203/5303264
Singapore,2013,2164/5411737
Sint Maarten (Dutch part),2010,3/42519
Sint Maarten (Dutch part),2011,2/43451
Sint Maarten (Dutch part),2012,2/44355
Sint Maarten (Dutch part),2013,2/45233
Slovakia,1995,788/5362950
Slovakia,1996,740/5372351
Slovakia,1997,283/5379101
Slovakia,1998,303/5383590
Slovakia,1999,246/5386384
Slovakia,2000,236/5388010
Slovakia,2001,226/5388448
Slovakia,2002,200/5387913
Slovakia,2003,199/5387441
Slovakia,2004,155/5388338
Slovakia,2005,158/5391489
Slovakia,2006,626/5397396
Slovakia,2007,585/5405718
Slovakia,2008,510/5415434
Slovakia,2009,406/5425044
Slovakia,2010,361/5433437
Slovakia,2011,323/5440253
Slovakia,2012,279/5445757
Slovakia,2013,398/5450223
Slovenia,1995,303/1991848
Slovenia,1996,221/1989709
Slovenia,1997,156/1988790
Slovenia,1998,157/1988806
Slovenia,1999,159/1989178
Slovenia,2000,145/1989545
Slovenia,2001,139/1989732
Slovenia,2002,130/1990090
Slovenia,2003,116/1991368
Slovenia,2004,89/1994578
Slovenia,2005,109/2000349
Slovenia,2006,202/2009036
Slovenia,2007,198/2020156
Slovenia,2008,197/2032470
Slovenia,2009,180/2044248
Slovenia,2010,161/2054232
Slovenia,2011,181/2061952
Slovenia,2012,124/2067717
Slovenia,2013,139/2071997
Solomon Islands,1995,109/359236
Solomon Islands,1996,90/369439
Solomon Islands,1997,113/379861
Solomon Islands,1998,140/390493
Solomon Islands,2000,109/412336
Solomon Islands,2002,108/434880
Solomon Islands,2003,138/446335
Solomon Islands,2004,152/457827
Solomon Islands,2005,169/469306
Solomon Islands,2006,366/480745
Solomon Islands,2007,388/492148
Solomon Islands,2008,373/503541
Solomon Islands,2009,361/514964
Solomon Islands,2010,336/526447
Solomon Islands,2011,394/537997
Solomon Islands,2012,356/549598
Solomon Islands,2013,360/561231
Somalia,1995,2338/6346440
Somalia,1996,2318/6481035
Somalia,1997,3097/6673254
Somalia,1998,3121/6904978
Somalia,1999,3487/7149044
Somalia,2000,3776/7385416
Somalia,2001,4640/7609265
Somalia,2002,4729/7825924
Somalia,2003,5190/8037706
Somalia,2004,6479/8249965
Somalia,2005,7068/8466938
Somalia,2006,11374/8687671
Somalia,2007,6130/8910851
Somalia,2008,6520/9140259
Somalia,2009,6047/9380854
Somalia,2010,5225/9636173
Somalia,2011,7906/9907903
Somalia,2012,8241/10195134
Somalia,2013,6538/10495583
South Africa,1999,9621/44195890
South Africa,2000,11490/44846286
South Africa,2001,20544/45513217
South Africa,2002,77467/46187794
South Africa,2003,113008/46869028
South Africa,2004,126268/47553025
South Africa,2005,125460/48235291
South Africa,2006,272162/48919359
South Africa,2007,286973/49602778
South Africa,2008,320026/50267488
South Africa,2009,383774/50889543
South Africa,2010,364992/51452352
South Africa,2011,289111/51949041
South Africa,2012,296996/52385920
South Africa,2013,312380/52776130
South Sudan,2011,2797/10381110
South Sudan,2012,3120/10837527
South Sudan,2013,3032/11296173
Spain,1995,1700/39420568
Spain,1998,1916/39729942
Spain,2001,2109/40756675
Spain,2002,2646/41346738
Spain,2003,2014/42015864
Spain,2004,2011/42710301
Spain,2005,2290/43387477
Spain,2006,7555/44038456
Spain,2007,7159/44664067
Spain,2008,6753/45243381
Spain,2009,0/45754265
Spain,2010,6524/46182038
Spain,2011,6116/46514117
Spain,2012,5330/46754541
Spain,2013,5224/46926963
Sri Lanka,1995,3029/18241711
Sri Lanka,1996,2958/18367795
Sri Lanka,1997,3506/18473862
Sri Lanka,1998,3747/18575763
Sri Lanka,1999,3749/18695041
Sri Lanka,2000,4316/18846401
Sri Lanka,2001,4308/19037119
Sri Lanka,2002,4297/19260853
Sri Lanka,2003,4321/19501969
Sri Lanka,2004,4302/19737578
Sri Lanka,2005,4841/19951291
Sri Lanka,2006,8259/20137560
Sri Lanka,2007,8418/20301912
Sri Lanka,2008,8938/20452387
Sri Lanka,2009,9092/20601663
Sri Lanka,2010,9328/20758779
Sri Lanka,2011,9507/20925532
Sri Lanka,2012,8507/21098099
Sri Lanka,2013,9010/21273228
Sudan,1995,6280/29963988
Sudan,1998,10791/32551853
Sudan,1999,13505/33447666
Sudan,2000,12311/34382782
Sudan,2001,9482/35359265
Sudan,2002,10338/36373247
Sudan,2003,10993/37423884
Sudan,2004,12095/38508752
Sudan,2005,12730/39625222
Sudan,2006,12194/40774428
Sudan,2007,17152/41954986
Sudan,2008,21475/43158451
Sudan,2009,22210/44373749
Sudan,2010,9958/45592931
Sudan,2011,18636/36430923
Sudan,2012,8824/37195349
Sudan,2013,2181/37964306
Suriname,1996,60/441734
Suriname,1997,27/447771
Suriname,2000,38/466668
Suriname,2001,38/473312
Suriname,2002,44/480099
Suriname,2003,45/486867
Suriname,2004,49/493394
Suriname,2005,51/499523
Suriname,2006,122/505186
Suriname,2009,172/520173
Suriname,2010,187/524960
Suriname,2011,118/529761
Suriname,2012,118/534541
Suriname,2013,141/539276
Swaziland,1995,660/963428
Swaziland,1996,2194/984506
Swaziland,2000,1593/1063715
Swaziland,2001,2542/1074761
Swaziland,2002,1399/1082183
Swaziland,2003,1581/1087929
Swaziland,2004,1891/1094758
Swaziland,2005,2179/1104642
Swaziland,2006,7913/1118253
Swaziland,2007,2686/1134977
Swaziland,2008,3105/1153929
Swaziland,2009,3498/1173678
Swaziland,2010,9706/1193148
Swaziland,2011,5633/1212159
Swaziland,2012,6868/1230985
Swaziland,2013,6691/1249514
Sweden,1995,113/8826720
Sweden,1996,90/8849420
Sweden,1997,94/8859106
Sweden,1998,97/8861204
Sweden,1999,116/8863595
Sweden,2000,118/8872284
Sweden,2001,105/8888444
Sweden,2002,109/8911156
Sweden,2003,109/8941754
Sweden,2004,120/8981282
Sweden,2005,134/9030163
Sweden,2006,485/9089677
Sweden,2007,454/9159155
Sweden,2008,457/9234561
Sweden,2009,508/9310295
Sweden,2010,546/9382297
Sweden,2011,449/9448965
Sweden,2012,563/9511313
Sweden,2013,610/9571105
Switzerland,1995,185/7017042
Switzerland,1996,172/7059633
Switzerland,1997,144/7090176
Switzerland,1998,165/7113505
Switzerland,1999,362/7136813
Switzerland,2000,403/7165581
Switzerland,2001,383/7200783
Switzerland,2002,438/7241511
Switzerland,2003,401/7289079
Switzerland,2004,407/7344597
Switzerland,2005,381/7408608
Switzerland,2006,341/7482167
Switzerland,2007,313/7564712
Switzerland,2008,319/7653062
Switzerland,2009,334/7742768
Switzerland,2010,322/7830534
Switzerland,2011,379/7915200
Switzerland,2012,295/7997399
Switzerland,2013,466/8077833
Syrian Arab Republic,1995,1321/14338240
Syrian Arab Republic,1996,1523/14746306
Syrian Arab Republic,1997,1402/15168523
Syrian Arab Republic,1998,1382/15591261
Syrian Arab Republic,2000,1482/16371208
Syrian Arab Republic,2001,1454/16700984
Syrian Arab Republic,2002,1447/16994676
Syrian Arab Republic,2003,1545/17298476
Syrian Arab Republic,2004,1561/17676012
Syrian Arab Republic,2005,1350/18167367
Syrian Arab Republic,2006,3865/18804914
Syrian Arab Republic,2007,4030/19561477
Syrian Arab Republic,2008,3671/20346056
Syrian Arab Republic,2009,3854/21031546
Syrian Arab Republic,2010,3614/21532647
Syrian Arab Republic,2011,3335/21804363
Syrian Arab Republic,2012,2875/21889682
Syrian Arab Republic,2013,2795/21898061
Tajikistan,1996,232/5862347
Tajikistan,1997,245/5937177
Tajikistan,1998,435/6012933
Tajikistan,2001,704/6289340
Tajikistan,2002,687/6404118
Tajikistan,2004,601/6663929
Tajikistan,2005,1737/6805655
Tajikistan,2007,6081/7111025
Tajikistan,2008,6115/7275252
Tajikistan,2009,5864/7447396
Tajikistan,2010,5959/7627326
Tajikistan,2011,5935/7814850
Tajikistan,2012,5484/8008990
Tajikistan,2013,5306/8207834
Thailand,1995,20273/58983954
Thailand,1996,16997/59562136
Thailand,1997,13212/60206941
Thailand,1998,7962/60903042
Thailand,1999,14932/61623143
Thailand,2000,17755/62343379
Thailand,2001,28542/63069070
Thailand,2002,25593/63797841
Thailand,2003,28459/64488338
Thailand,2004,28421/65087400
Thailand,2005,28360/65559487
Thailand,2006,29081/65883961
Thailand,2007,28587/66076927
Thailand,2008,28788/66185340
Thailand,2009,32810/66277335
Thailand,2010,33450/66402316
Thailand,2011,33169/66576332
Thailand,2012,30998/66785001
The Former Yugoslav Republic of Macedonia,1995,319/1967013
The Former Yugoslav Republic of Macedonia,1996,240/1975207
The Former Yugoslav Republic of Macedonia,1997,192/1991687
The Former Yugoslav Republic of Macedonia,1998,209/2013117
The Former Yugoslav Republic of Macedonia,1999,122/2034487
The Former Yugoslav Republic of Macedonia,2000,167/2052129
The Former Yugoslav Republic of Macedonia,2001,164/2065098
The Former Yugoslav Republic of Macedonia,2002,200/2074441
The Former Yugoslav Republic of Macedonia,2003,200/2080866
The Former Yugoslav Republic of Macedonia,2004,200/2085728
The Former Yugoslav Republic of Macedonia,2005,177/2090044
The Former Yugoslav Republic of Macedonia,2006,529/2093801
The Former Yugoslav Republic of Macedonia,2007,494/2096620
The Former Yugoslav Republic of Macedonia,2008,428/2098769
The Former Yugoslav Republic of Macedonia,2009,417/2100558
The Former Yugoslav Republic of Macedonia,2010,368/2102216
The Former Yugoslav Republic of Macedonia,2011,307/2103890
The Former Yugoslav Republic of Macedonia,2012,320/2105575
The Former Yugoslav Republic of Macedonia,2013,318/2107158
Timor-Leste,2002,1090/899367
Timor-Leste,2003,1021/933369
Timor-Leste,2004,1000/966987
Timor-Leste,2005,1035/995619
Timor-Leste,2006,907/1018013
Timor-Leste,2007,1021/1035706
Timor-Leste,2008,867/1050244
Timor-Leste,2009,1206/1064191
Timor-Leste,2011,2364/1096293
Timor-Leste,2012,1997/1114106
Timor-Leste,2013,340/1132879
Togo,1995,877/4284497
Togo,1996,911/4392177
Togo,1998,927/4620710
Togo,1999,904/4740974
Togo,2000,982/4864753
Togo,2002,1203/5123674
Togo,2003,1255/5258956
Togo,2004,1541/5397851
Togo,2005,1766/5540214
Togo,2006,2131/5685845
Togo,2007,2346/5834806
Togo,2008,2234/5987491
Togo,2009,2734/6144457
Togo,2010,2096/6306014
Togo,2011,2094/6472304
Togo,2012,2112/6642928
Togo,2013,2600/6816982
Tokelau,2007,0/1141
Tokelau,2008,0/1130
Tokelau,2010,0/1135
Tokelau,2013,0/1195
Tonga,1995,9/95928
Tonga,1996,16/96218
Tonga,1997,12/96574
Tonga,1998,16/96991
Tonga,1999,10/97457
Tonga,2000,15/97962
Tonga,2001,8/98504
Tonga,2002,23/99083
Tonga,2003,11/99691
Tonga,2005,11/100960
Tonga,2006,18/101617
Tonga,2007,23/102289
Tonga,2008,13/102947
Tonga,2009,8/103557
Tonga,2010,11/104098
Tonga,2011,9/104554
Tonga,2012,11/104941
Tonga,2013,10/105323
Trinidad and Tobago,1995,76/1255001
Trinidad and Tobago,1996,59/1258365
Trinidad and Tobago,1998,98/1262544
Trinidad and Tobago,1999,86/1264781
Trinidad and Tobago,2000,115/1267980
Trinidad and Tobago,2001,198/1272347
Trinidad and Tobago,2002,95/1277723
Trinidad and Tobago,2003,77/1283868
Trinidad and Tobago,2004,81/1290379
Trinidad and Tobago,2005,96/1296933
Trinidad and Tobago,2006,238/1303478
Trinidad and Tobago,2007,203/1310040
Trinidad and Tobago,2008,275/1316449
Trinidad and Tobago,2009,264/1322518
Trinidad and Tobago,2010,214/1328095
Trinidad and Tobago,2011,217/1333082
Trinidad and Tobago,2012,267/1337439
Trinidad and Tobago,2013,250/1341151
Tunisia,1998,1105/9347451
Tunisia,1999,1235/9451481
Tunisia,2000,1071/9552776
Tunisia,2001,1077/9652120
Tunisia,2002,927/9749636
Tunisia,2003,878/9847323
Tunisia,2004,944/9947369
Tunisia,2005,915/10051352
Tunisia,2006,922/10160243
Tunisia,2007,941/10273932
Tunisia,2008,967/10391460
Tunisia,2009,931/10511204
Tunisia,2010,1091/10631830
Tunisia,2011,2890/10753073
Tunisia,2012,3194/10874915
Tunisia,2013,3035/10996515
Turkey,2004,298/66845635
Turkey,2005,7450/67743052
Turkey,2006,18544/68626337
Turkey,2007,17809/69496513
Turkey,2008,16760/70363511
Turkey,2009,15943/71241080
Turkey,2010,15183/72137546
Turkey,2011,14417/73058638
Turkey,2012,13535/73997128
Turkey,2013,13170/74932641
Turkmenistan,1995,544/4188010
Turkmenistan,1996,557/4267690
Turkmenistan,1997,764/4335991
Turkmenistan,1998,790/4395293
Turkmenistan,1999,964/4449427
Turkmenistan,2000,1017/4501419
Turkmenistan,2001,1243/4551762
Turkmenistan,2002,1254/4600171
Turkmenistan,2003,1197/4648037
Turkmenistan,2004,1103/4696876
Turkmenistan,2005,995/4747839
Turkmenistan,2006,2299/4801595
Turkmenistan,2007,1378/4858236
Turkmenistan,2008,1331/4917543
Turkmenistan,2009,1370/4978962
Turkmenistan,2010,1153/5041995
Turkmenistan,2011,2140/5106668
Turkmenistan,2012,2264/5172931
Turks and Caicos Islands,2002,2/21740
Turks and Caicos Islands,2003,6/23412
Turks and Caicos Islands,2006,7/27642
Turks and Caicos Islands,2010,5/30993
Turks and Caicos Islands,2011,8/31726
Turks and Caicos Islands,2012,8/32427
Turks and Caicos Islands,2013,2/33098
Tuvalu,1995,6/9227
Tuvalu,1998,18/9334
Tuvalu,2003,17/9590
Tuvalu,2005,5/9694
Tuvalu,2006,9/9732
Tuvalu,2007,15/9764
Tuvalu,2008,20/9788
Tuvalu,2009,17/9808
Tuvalu,2010,14/9827
Tuvalu,2011,12/9844
Tuvalu,2012,19/9860
Tuvalu,2013,18/9876
Uganda,1995,13678/20740726
Uganda,1996,15175/21407693
Uganda,1997,17801/22084527
Uganda,1998,18222/22780451
Uganda,1999,17468/23507800
Uganda,2000,17542/24275641
Uganda,2001,17283/25088033
Uganda,2002,19099/25943441
Uganda,2003,20312/26838428
Uganda,2004,20939/27766986
Uganda,2005,20524/28724869
Uganda,2006,20356/29711397
Uganda,2007,21303/30728747
Uganda,2008,22766/31778799
Uganda,2009,23113/32864328
Uganda,2010,23439/33987213
Uganda,2011,24940/35148064
Uganda,2012,24862/36345860
Uganda,2013,25408/37578876
Ukraine,1995,8263/51146967
Ukraine,1996,9564/50821019
Ukraine,1997,9463/50421998
Ukraine,1998,10586/49974187
Ukraine,1999,10412/49510626
Ukraine,2000,10738/49057226
Ukraine,2001,11952/48620596
Ukraine,2003,12785/47807199
Ukraine,2006,18500/46871328
Ukraine,2007,25645/46653183
Ukraine,2008,35739/46461350
Ukraine,2009,33424/46267306
Ukraine,2010,3355/46050220
Ukraine,2011,10502/45802721
Ukraine,2012,27489/45529944
Ukraine,2013,34144/45238805
United Arab Emirates,1999,66/2893648
United Arab Emirates,2000,70/3026352
United Arab Emirates,2002,57/3223969
United Arab Emirates,2003,77/3369254
United Arab Emirates,2004,57/3658658
United Arab Emirates,2006,86/4875639
United Arab Emirates,2007,89/5797347
United Arab Emirates,2008,92/6798635
United Arab Emirates,2009,114/7718319
United Arab Emirates,2010,131/8441537
United Arab Emirates,2011,103/8925096
United Arab Emirates,2012,77/9205651
United Arab Emirates,2013,82/9346129
United Kingdom of Great Britain and Northern Ireland,1997,789/58346633
United Kingdom of Great Britain and Northern Ireland,1998,1342/58534306
United Kingdom of Great Britain and Northern Ireland,1999,796/58735006
United Kingdom of Great Britain and Northern Ireland,2000,1027/58951444
United Kingdom of Great Britain and Northern Ireland,2001,1090/59183774
United Kingdom of Great Britain and Northern Ireland,2002,1170/59431937
United Kingdom of Great Britain and Northern Ireland,2003,1133/59697954
United Kingdom of Great Britain and Northern Ireland,2004,1306/59984118
United Kingdom of Great Britain and Northern Ireland,2005,1346/60291414
United Kingdom of Great Britain and Northern Ireland,2006,8137/60620907
United Kingdom of Great Britain and Northern Ireland,2007,11176/60970360
United Kingdom of Great Britain and Northern Ireland,2008,6515/61333257
United Kingdom of Great Britain and Northern Ireland,2009,6988/61700797
United Kingdom of Great Britain and Northern Ireland,2010,7148/62066350
United Kingdom of Great Britain and Northern Ireland,2011,7828/62426923
United Kingdom of Great Britain and Northern Ireland,2012,7678/62783115
United Kingdom of Great Britain and Northern Ireland,2013,7384/63136265
United Republic of Tanzania,1995,19954/29944302
United Republic of Tanzania,1996,21472/30780453
United Republic of Tanzania,1997,21307/31586039
United Republic of Tanzania,1998,23833/32378333
United Republic of Tanzania,1999,24123/33183093
United Republic of Tanzania,2000,24039/34020512
United Republic of Tanzania,2001,24685/34895398
United Republic of Tanzania,2002,24136/35806497
United Republic of Tanzania,2003,24899/36760831
United Republic of Tanzania,2004,25823/37765139
United Republic of Tanzania,2005,25264/38824384
United Republic of Tanzania,2006,24724/39942347
United Republic of Tanzania,2007,24520/41119693
United Republic of Tanzania,2008,58890/42353790
United Republic of Tanzania,2009,60050/43639752
United Republic of Tanzania,2010,59678/44973330
United Republic of Tanzania,2011,28587/46354607
United Republic of Tanzania,2012,30063/47783107
United Republic of Tanzania,2013,6658/49253126
United States of America,1995,8091/268039654
United States of America,1996,7452/271231546
United States of America,1997,6934/274606475
United States of America,1998,6623/278053607
United States of America,1999,6274/281419130
United States of America,2000,5884/284594395
United States of America,2001,5651/287532638
United States of America,2002,5434/290270187
United States of America,2003,5365/292883010
United States of America,2004,5251/295487267
United States of America,2005,5089/298165797
United States of America,2006,13767/300942917
United States of America,2007,13283/303786752
United States of America,2008,12893/306657153
United States of America,2009,11370/309491893
United States of America,2010,10305/312247116
United States of America,2011,10319/314911752
United States of America,2012,9918/317505266
United States of America,2013,9106/320050716
Uruguay,1995,349/3224383
Uruguay,1996,426/3247585
Uruguay,1997,423/3270549
Uruguay,1998,374/3291677
Uruguay,1999,392/3308884
Uruguay,2000,348/3320841
Uruguay,2001,340/3326762
Uruguay,2002,308/3327500
Uruguay,2003,339/3325411
Uruguay,2004,373/3323822
Uruguay,2005,355/3325155
Uruguay,2006,527/3330217
Uruguay,2007,569/3338384
Uruguay,2008,652/3348898
Uruguay,2009,667/3360431
Uruguay,2010,592/3371982
Uruguay,2011,764/3383486
Uruguay,2012,760/3395253
Uruguay,2013,881/3407062
US Virgin Islands,1995,2/107018
US Virgin Islands,1996,5/107589
Uzbekistan,1996,3350/23381250
Uzbekistan,1998,39/24170760
Uzbekistan,1999,4175/24517962
Uzbekistan,2000,3825/24828562
Uzbekistan,2001,4598/25098636
Uzbekistan,2002,2766/25334021
Uzbekistan,2003,4690/25553928
Uzbekistan,2004,5119/25784397
Uzbekistan,2005,5695/26044401
Uzbekistan,2006,18574/26340696
Uzbekistan,2007,17911/26668950
Uzbekistan,2008,15971/27023200
Uzbekistan,2009,16569/27392784
Uzbekistan,2010,15734/27769270
Uzbekistan,2011,13995/28151746
Uzbekistan,2012,14132/28541423
Uzbekistan,2013,20812/28934102
Vanuatu,1995,30/168236
Vanuatu,1996,50/171802
Vanuatu,1998,38/178074
Vanuatu,1999,24/181346
Vanuatu,2000,69/185058
Vanuatu,2001,57/189285
Vanuatu,2002,38/193950
Vanuatu,2003,40/198952
Vanuatu,2004,59/204135
Vanuatu,2005,35/209375
Vanuatu,2006,42/214654
Vanuatu,2007,41/220001
Vanuatu,2008,40/225398
Vanuatu,2009,128/230833
Vanuatu,2010,112/236299
Vanuatu,2011,109/241778
Vanuatu,2012,124/247262
Vanuatu,2013,123/252763
Venezuela (Bolivarian Republic of),1999,3670/23945002
Venezuela (Bolivarian Republic of),2002,3444/25333622
Venezuela (Bolivarian Republic of),2003,3882/25797219
Venezuela (Bolivarian Republic of),2004,3776/26261326
Venezuela (Bolivarian Republic of),2005,3653/26725897
Venezuela (Bolivarian Republic of),2006,6448/27190882
Venezuela (Bolivarian Republic of),2007,6075/27655937
Venezuela (Bolivarian Republic of),2008,6059/28120312
Venezuela (Bolivarian Republic of),2009,6213/28583040
Venezuela (Bolivarian Republic of),2010,6087/29043283
Venezuela (Bolivarian Republic of),2011,6069/29500625
Venezuela (Bolivarian Republic of),2012,6206/29954782
Venezuela (Bolivarian Republic of),2013,6555/30405207
Viet Nam,1996,48911/77166873
Viet Nam,1997,53647/78199254
Viet Nam,1998,54873/79140734
Viet Nam,1999,53805/80027521
Viet Nam,2000,53169/80887879
Viet Nam,2001,54202/81728768
Viet Nam,2002,56811/82547682
Viet Nam,2003,55937/83352595
Viet Nam,2004,58389/84150651
Viet Nam,2005,55570/84947852
Viet Nam,2006,56437/85747625
Viet Nam,2007,54460/86553201
Viet Nam,2008,53484/87369203
Viet Nam,2009,51290/88199997
Viet Nam,2010,52289/89047397
Viet Nam,2011,50751/89913956
Viet Nam,2012,51033/90795769
Viet Nam,2013,50607/91679733
Wallis and Futuna Islands,1996,8/14221
Wallis and Futuna Islands,1997,1/14309
Wallis and Futuna Islands,2002,10/14476
Wallis and Futuna Islands,2003,7/14422
Wallis and Futuna Islands,2007,2/13988
Wallis and Futuna Islands,2009,3/13697
Wallis and Futuna Islands,2011,8/13451
Wallis and Futuna Islands,2013,2/13272
West Bank and Gaza Strip,1995,9/2598393
West Bank and Gaza Strip,1996,24/2722497
West Bank and Gaza Strip,1998,8/2980563
West Bank and Gaza Strip,2003,15/3426549
West Bank and Gaza Strip,2004,4/3489743
West Bank and Gaza Strip,2005,7/3559856
West Bank and Gaza Strip,2006,42/3638829
West Bank and Gaza Strip,2007,34/3725076
West Bank and Gaza Strip,2008,36/3817551
West Bank and Gaza Strip,2009,34/3914035
West Bank and Gaza Strip,2010,31/4012880
West Bank and Gaza Strip,2011,29/4114199
West Bank and Gaza Strip,2012,31/4218771
Yemen,1995,3681/15018201
Yemen,1996,683/15578640
Yemen,1997,4718/16088019
Yemen,1998,4896/16564235
Yemen,1999,4130/17035531
Yemen,2000,5565/17522537
Yemen,2001,4968/18029989
Yemen,2002,4259/18551068
Yemen,2003,3793/19081306
Yemen,2004,3434/19612696
Yemen,2005,3379/20139661
Yemen,2006,3342/20661714
Yemen,2007,3537/21182162
Yemen,2008,3540/21703571
Yemen,2009,3576/22229625
Yemen,2010,3584/22763008
Yemen,2011,3135/23304206
Yemen,2012,9615/23852409
Yemen,2013,10327/24407381
Zambia,1995,8577/8841338
Zambia,2000,12927/10100981
Zambia,2002,16351/10625423
Zambia,2003,18934/10894519
Zambia,2004,17247/11174650
Zambia,2005,14857/11470022
Zambia,2006,14025/11781612
Zambia,2007,13378/12109620
Zambia,2008,13211/12456527
Zambia,2009,12866/12825031
Zambia,2011,41958/13633796
Zambia,2012,38869/14075099
Zambia,2013,40638/14538640
Zimbabwe,2002,11261/12640922
Zimbabwe,2003,14488/12673103
Zimbabwe,2004,14581/12693047
Zimbabwe,2005,13155/12710589
Zimbabwe,2006,43052/12724308
Zimbabwe,2007,38928/12740160
Zimbabwe,2008,36060/12784041
Zimbabwe,2009,41768/12888918
Zimbabwe,2010,42872/13076978
Zimbabwe,2011,36960/13358738
Zimbabwe,2012,34391/13724317
Zimbabwe,2013,32899/14149648
