time,age,gender,name
107.45071229516849,58,Male,Participant_1
97.92603548243223,54,Male,Participant_2
109.71532807151038,41,Female,Participant_3
122.84544784612038,46,Female,Participant_4
96.48769937914996,66,Male,Participant_5
96.4879456457623,63,Female,Participant_6
123.68819223261087,48,Male,Participant_7
111.51152093729362,52,Male,Participant_8
92.95788421097572,50,Female,Participant_9
108.13840065378947,69,Male,Participant_10
93.04873460781306,38,Female,Participant_11
93.01405369644614,49,Female,Participant_12
103.62943407349051,40,Male,Participant_13
71.30079633013304,50,Male,Participant_14
74.12623251230451,20,Female,Participant_15
91.5656870613854,35,Male,Participant_16
84.80753319498365,42,Male,Participant_17
104.71370998892911,59,Male,Participant_18
86.37963886718184,48,Female,Participant_19
78.81544447997062,20,Female,Participant_20
121.98473153382331,57,Male,Participant_21
96.61335549270197,63,Female,Participant_22
101.01292307031886,41,Female,Participant_23
78.62877720679815,67,Female,Participant_24
91.83425913212226,49,Female,Participant_25
101.66383884564799,64,Female,Participant_26
82.73509633866546,39,Male,Participant_27
105.63547027518509,40,Male,Participant_28
90.99041965121792,19,Male,Participant_29
95.62459375310085,44,Female,Participant_30
90.97440081655904,59,Female,Participant_31
127.78417276763406,19,Male,Participant_32
99.79754162893099,43,Female,Participant_33
84.1343360656615,34,Male,Participant_34
112.33817368154783,57,Male,Participant_35
81.68734525043467,50,Male,Participant_36
103.13295392507133,26,Female,Participant_37
70.60494814180336,60,Female,Participant_38
80.07720926652354,65,Male,Participant_39
102.95291853803685,56,Male,Participant_40
111.07699869993115,46,Male,Participant_41
102.57052421784955,59,Male,Participant_42
98.2652757641764,43,Female,Participant_43
95.48344456616067,52,Female,Participant_44
77.82217014448858,67,Male,Participant_45
89.20233687407936,42,Male,Participant_46
93.09041843560318,41,Female,Participant_47
115.85683339328374,30,Female,Participant_48
105.15427434352692,24,Male,Participant_49
73.554397669559,53,Male,Participant_50
104.86125954092192,62,Male,Participant_51
94.22376579375525,37,Female,Participant_52
89.84616999541062,18,Female,Participant_53
109.17514433261302,25,Female,Participant_54
115.46499283743927,63,Male,Participant_55
113.96920178674299,33,Male,Participant_56
87.41173715166042,31,Female,Participant_57
95.36181436223178,29,Female,Participant_58
104.96895147105346,68,Male,Participant_59
114.63317690683539,40,Female,Participant_60
92.81238643232065,32,Female,Participant_61
97.21511535004274,45,Male,Participant_62
83.40497538990958,51,Female,Participant_63
82.05690063878994,19,Male,Participant_64
112.18788733591298,49,Male,Participant_65
120.34360042856234,40,Male,Participant_66
98.91984817629499,39,Male,Participant_67
115.05299346838036,68,Male,Participant_68
105.42454037571451,42,Male,Participant_69
90.32320368092314,39,Male,Participant_70
105.4209340826262,39,Female,Participant_71
123.07054849698955,66,Male,Participant_72
99.46260941335073,69,Male,Participant_73
123.4696548372101,59,Female,Participant_74
60.703823438653835,23,Female,Participant_75
112.32853756562835,32,Female,Participant_76
101.30570602357257,60,Male,Participant_77
95.51488974301199,54,Female,Participant_78
101.37641164803253,50,Male,Participant_79
70.18646628098661,25,Male,Participant_80
96.70492168243732,61,Male,Participant_81
105.35668857267619,61,Male,Participant_82
122.16841067112274,22,Female,Participant_83
92.22594672589528,56,Female,Participant_84
87.87259595660218,21,Male,Participant_85
92.47364434623195,23,Male,Participant_86
113.73103176553111,62,Male,Participant_87
104.93126664489526,49,Female,Participant_88
92.05359694349441,69,Male,Participant_89
107.69901149670034,47,Male,Participant_90
101.4561632402206,64,Female,Participant_91
114.52967485799334,52,Female,Participant_92
89.46920359183972,57,Male,Participant_93
95.08506780103347,69,Female,Participant_94
94.11837770301764,33,Female,Participant_95
78.04727577801822,30,Male,Participant_96
104.44180415596864,67,Female,Participant_97
103.91582908269834,59,Male,Participant_98
100.07670184963692,47,Female,Participant_99
96.4811929993728,36,Male,Participant_100
78.76943886924379,34,Male,Participant_101
93.69032015851961,36,Male,Participant_102
94.85928225209845,45,Female,Participant_103
87.96584096167572,43,Male,Participant_104
97.58071432500986,54,Female,Participant_105
106.06076285221808,43,Male,Participant_106
128.29278851815795,40,Male,Participant_107
102.61866719247759,26,Female,Participant_108
103.86325586084146,29,Male,Participant_109
98.8833112635075,18,Male,Participant_110
71.21843177051437,18,Female,Participant_111
99.60229186826174,64,Male,Participant_112
100.90345314911539,51,Male,Participant_113
136.9486316872793,49,Male,Participant_114
97.11458552828316,65,Male,Participant_115
104.52321013500419,42,Female,Participant_116
99.47932345442135,57,Female,Participant_117
82.46982943570703,62,Male,Participant_118
117.14234221772531,18,Female,Participant_119
111.27899549030161,33,Male,Participant_120
111.8654792056457,56,Female,Participant_121
86.35918817807891,22,Male,Participant_122
121.04191466404149,39,Male,Participant_123
78.97223405811579,46,Male,Participant_124
108.80285640700406,20,Male,Participant_125
132.85683438714966,29,Male,Participant_126
85.14195512303968,43,Male,Participant_127
91.50553405595842,33,Female,Participant_128
101.49477047631461,68,Male,Participant_129
92.44786518825701,54,Female,Participant_130
76.74004853400801,39,Male,Participant_131
101.0284446220904,46,Female,Participant_132
84.06544429410843,31,Female,Participant_133
107.10388645952773,45,Female,Participant_134
86.20863648649295,22,Male,Participant_135
123.24901607526309,64,Male,Participant_136
88.25120061495645,66,Female,Participant_137
95.16907725691486,47,Male,Participant_138
112.20275826054504,63,Female,Participant_139
81.53703525349067,69,Male,Participant_140
103.41189901906193,22,Female,Participant_141
119.60714131423643,29,Female,Participant_142
75.88775148158159,33,Male,Participant_143
102.76950787798457,43,Female,Participant_144
103.89824191372635,43,Male,Participant_145
111.72734307665965,65,Female,Participant_146
81.44573933682878,38,Female,Participant_147
80.19315080373585,56,Male,Participant_148
107.82912348425347,53,Male,Participant_149
104.45477009849779,50,Male,Participant_150
103.75739275518815,47,Female,Participant_151
105.19672314245463,54,Male,Participant_152
89.79962917632264,40,Female,Participant_153
103.48380545741506,27,Female,Participant_154
104.39608709948021,22,Male,Participant_155
89.28472872960448,53,Male,Participant_156
127.98661766717134,51,Female,Participant_157
107.10749381367681,69,Female,Participant_158
82.13044754196028,48,Male,Participant_159
109.84830412950744,27,Male,Participant_160
85.37977494659017,36,Male,Participant_161
111.80626905613678,49,Male,Participant_162
117.37893368511106,18,Male,Participant_163
87.68976522472434,22,Female,Participant_164
114.45064193866483,62,Female,Participant_165
106.19171390404748,21,Female,Participant_166
112.33090239991735,33,Female,Participant_167
128.4518947398092,41,Male,Participant_168
96.31917825995694,33,Male,Participant_169
88.69395753463766,19,Male,Participant_170
86.65728355561716,66,Female,Participant_171
87.76284572551843,45,Female,Participant_172
98.84347435878844,49,Male,Participant_173
105.11727962224965,44,Male,Participant_174
104.15036198995028,37,Female,Participant_175
112.40774873554035,41,Female,Participant_176
100.1950283781686,29,Male,Participant_177
121.80301115735975,67,Male,Participant_178
96.03014750143066,52,Female,Participant_179
140.8025374988443,50,Male,Participant_180
109.3850102164751,50,Male,Participant_181
87.14263665375576,68,Male,Participant_182
83.93661252908332,60,Female,Participant_183
107.23708622864778,54,Female,Participant_184
96.64805822011223,29,Female,Participant_185
110.71000741138138,20,Female,Participant_186
